strategy_name,occurrence,occ_profit,occ_loss,return_geo,period,ground,sky,stop_gain,stop_loss,rebound_channel,simulation_timestamp
CCI_bear_strategy,434,200,234,0.9162983734486807,20,-105,50,,300,"(0.2, 0.5)",2020-12-22 00:33:03
CCI_bear_strategy,433,201,232,0.9024709847215386,20,-105,55,,300,"(0.2, 0.5)",2020-12-22 00:33:20
CCI_bear_strategy,432,201,231,0.8194179552877914,20,-105,60,,300,"(0.2, 0.5)",2020-12-22 00:33:38
CCI_bear_strategy,431,203,228,0.7626666410749754,20,-105,65,,300,"(0.2, 0.5)",2020-12-22 00:33:55
CCI_bear_strategy,430,203,227,0.6808874825938918,20,-105,70,,300,"(0.2, 0.5)",2020-12-22 00:34:13
CCI_bear_strategy,417,195,222,0.6096500551347055,20,-110,65,,300,"(0.2, 0.5)",2020-12-22 00:24:58
CCI_bear_strategy,428,201,227,0.594842682630484,20,-105,80,,300,"(0.2, 0.5)",2020-12-22 00:34:48
CCI_bear_strategy,472,220,252,0.5770618560097236,20,-70,100,,300,"(0.2, 0.5)",2020-12-22 01:45:37
CCI_bear_strategy,428,201,227,0.5761216773420161,20,-105,75,,300,"(0.2, 0.5)",2020-12-22 00:34:30
CCI_bear_strategy,479,210,269,0.5687638558782999,20,-65,90,,300,"(0.2, 0.5)",2020-12-22 01:55:35
CCI_bear_strategy,409,202,207,0.5671155253644995,20,-105,160,,300,"(0.2, 0.5)",2020-12-22 00:39:31
CCI_bear_strategy,474,221,253,0.5614890595967856,20,-70,95,,300,"(0.2, 0.5)",2020-12-22 01:45:17
CCI_bear_strategy,416,196,220,0.5593580585076683,20,-110,70,,300,"(0.2, 0.5)",2020-12-22 00:25:15
CCI_bear_strategy,413,202,211,0.5592977578074536,20,-105,145,,300,"(0.2, 0.5)",2020-12-22 00:38:38
CCI_bear_strategy,493,212,281,0.5496744804321056,20,-65,60,,300,"(0.2, 0.5)",2020-12-22 01:53:30
CCI_bear_strategy,478,210,268,0.5478117216013003,20,-65,95,,300,"(0.2, 0.5)",2020-12-22 01:55:56
CCI_bear_strategy,449,203,246,0.5448210368310717,20,-100,50,,300,"(0.2, 0.5)",2020-12-22 00:42:10
CCI_bear_strategy,419,194,225,0.5419676973506271,20,-110,60,,300,"(0.2, 0.5)",2020-12-22 00:24:41
CCI_bear_strategy,413,201,212,0.5415476340321554,20,-105,150,,300,"(0.2, 0.5)",2020-12-22 00:38:56
CCI_bear_strategy,397,184,213,0.537401017319566,20,-120,55,,300,"(0.2, 0.5)",2020-12-22 00:07:00
CCI_bear_strategy,489,211,278,0.5358355322429118,20,-65,70,,300,"(0.2, 0.5)",2020-12-22 01:54:12
CCI_bear_strategy,409,202,207,0.5353335731799631,20,-105,165,,300,"(0.2, 0.5)",2020-12-22 00:39:49
CCI_bear_strategy,383,174,209,0.5313037607525641,20,-125,60,,300,"(0.2, 0.5)",2020-12-21 23:59:00
CCI_bear_strategy,392,184,208,0.5282873592476625,20,-120,75,,300,"(0.2, 0.5)",2020-12-22 00:08:05
CCI_bear_strategy,428,200,228,0.5258330885227807,20,-105,85,,300,"(0.2, 0.5)",2020-12-22 00:35:06
CCI_bear_strategy,491,210,281,0.5248700344775192,20,-65,65,,300,"(0.2, 0.5)",2020-12-22 01:53:51
CCI_bear_strategy,394,182,212,0.5225711593662024,20,-120,65,,300,"(0.2, 0.5)",2020-12-22 00:07:32
CCI_bear_strategy,482,207,275,0.5176286691278984,20,-65,85,,300,"(0.2, 0.5)",2020-12-22 01:55:14
CCI_bear_strategy,423,204,219,0.5172568727115252,20,-105,100,,300,"(0.2, 0.5)",2020-12-22 00:35:59
CCI_bear_strategy,380,172,208,0.516804215778689,20,-125,70,,300,"(0.2, 0.5)",2020-12-21 23:59:32
CCI_bear_strategy,386,172,214,0.5157754070889451,20,-125,55,,300,"(0.2, 0.5)",2020-12-21 23:58:44
CCI_bear_strategy,412,199,213,0.5131839644409739,20,-105,155,,300,"(0.2, 0.5)",2020-12-22 00:39:13
CCI_bear_strategy,410,190,220,0.5106870261352094,20,-115,50,,300,"(0.2, 0.5)",2020-12-22 00:15:12
CCI_bear_strategy,472,218,254,0.507218614904563,20,-70,105,,300,"(0.2, 0.5)",2020-12-22 01:45:58
CCI_bear_strategy,396,182,214,0.5065490525766465,20,-120,60,,300,"(0.2, 0.5)",2020-12-22 00:07:16
CCI_bear_strategy,492,210,282,0.5059430203717858,20,-60,55,,300,"(0.2, 0.5)",2020-12-22 02:03:54
CCI_bear_strategy,478,209,269,0.5043911697208108,20,-60,85,,300,"(0.2, 0.5)",2020-12-22 02:06:01
CCI_bear_strategy,421,192,229,0.5024230013762454,20,-110,55,,300,"(0.2, 0.5)",2020-12-22 00:24:24
CCI_bear_strategy,420,203,217,0.5014137640704852,20,-105,110,,300,"(0.2, 0.5)",2020-12-22 00:36:34
CCI_bear_strategy,476,211,265,0.5012964029894087,20,-65,105,,300,"(0.2, 0.5)",2020-12-22 01:56:38
CCI_bear_strategy,409,202,207,0.501063826265616,20,-105,170,,300,"(0.2, 0.5)",2020-12-22 00:40:06
CCI_bear_strategy,422,203,219,0.50076745875358,20,-105,105,,300,"(0.2, 0.5)",2020-12-22 00:36:16
CCI_bear_strategy,382,172,210,0.5005494627761542,20,-125,65,,300,"(0.2, 0.5)",2020-12-21 23:59:16
CCI_bear_strategy,391,185,206,0.49992570369106737,20,-120,80,,300,"(0.2, 0.5)",2020-12-22 00:08:21
CCI_bear_strategy,488,210,278,0.4987075362093696,20,-60,65,,300,"(0.2, 0.5)",2020-12-22 02:04:37
CCI_bear_strategy,406,190,216,0.49764488810291563,20,-115,70,,300,"(0.2, 0.5)",2020-12-22 00:16:19
CCI_bear_strategy,475,212,263,0.4973420186610138,20,-65,110,,300,"(0.2, 0.5)",2020-12-22 01:56:59
CCI_bear_strategy,470,219,251,0.4972246857667675,20,-70,110,,300,"(0.2, 0.5)",2020-12-22 01:46:18
CCI_bear_strategy,472,212,260,0.49689622027534375,20,-65,120,,300,"(0.2, 0.5)",2020-12-22 01:57:40
CCI_bear_strategy,490,208,282,0.4876972177316763,20,-60,60,,300,"(0.2, 0.5)",2020-12-22 02:04:16
CCI_bear_strategy,416,200,216,0.4872743180391821,20,-105,135,,300,"(0.2, 0.5)",2020-12-22 00:38:02
CCI_bear_strategy,415,196,219,0.48671108934158736,20,-110,75,,300,"(0.2, 0.5)",2020-12-22 00:25:32
CCI_bear_strategy,478,217,261,0.4837997556448319,20,-70,90,,300,"(0.2, 0.5)",2020-12-22 01:44:56
CCI_bear_strategy,485,220,265,0.48091676288146346,20,-70,75,,300,"(0.2, 0.5)",2020-12-22 01:43:54
CCI_bear_strategy,409,188,221,0.48036131063345167,20,-115,55,,300,"(0.2, 0.5)",2020-12-22 00:15:29
CCI_bear_strategy,489,220,269,0.4796346720024627,20,-70,65,,300,"(0.2, 0.5)",2020-12-22 01:43:13
CCI_bear_strategy,401,182,219,0.4793278688475511,20,-120,50,,300,"(0.2, 0.5)",2020-12-22 00:06:44
CCI_bear_strategy,427,199,228,0.4788776721421397,20,-105,90,,300,"(0.2, 0.5)",2020-12-22 00:35:23
CCI_bear_strategy,423,191,232,0.4785699956035101,20,-110,50,,300,"(0.2, 0.5)",2020-12-22 00:24:06
CCI_bear_strategy,478,208,270,0.4783063460017176,20,-65,100,,300,"(0.2, 0.5)",2020-12-22 01:56:17
CCI_bear_strategy,448,203,245,0.47715468062993605,20,-100,55,,300,"(0.2, 0.5)",2020-12-22 00:42:29
CCI_bear_strategy,378,173,205,0.4769517876770144,20,-125,75,,300,"(0.2, 0.5)",2020-12-21 23:59:48
CCI_bear_strategy,420,201,219,0.47674741822765476,20,-105,115,,300,"(0.2, 0.5)",2020-12-22 00:36:52
CCI_bear_strategy,477,207,270,0.47657132429810134,20,-60,90,,300,"(0.2, 0.5)",2020-12-22 02:06:22
CCI_bear_strategy,486,209,277,0.47638268072846834,20,-65,80,,300,"(0.2, 0.5)",2020-12-22 01:54:54
CCI_bear_strategy,487,209,278,0.4758807987130034,20,-65,75,,300,"(0.2, 0.5)",2020-12-22 01:54:33
CCI_bear_strategy,470,220,250,0.4748642567442305,20,-70,115,,300,"(0.2, 0.5)",2020-12-22 01:46:38
CCI_bear_strategy,463,208,255,0.47394504528043746,20,-95,50,,300,"(0.2, 0.5)",2020-12-22 00:51:40
CCI_bear_strategy,393,183,210,0.4726114237528729,20,-120,70,,300,"(0.2, 0.5)",2020-12-22 00:07:49
CCI_bear_strategy,474,211,263,0.47145471898276803,20,-65,115,,300,"(0.2, 0.5)",2020-12-22 01:57:20
CCI_bear_strategy,405,199,206,0.47035067322467583,20,-105,190,,300,"(0.2, 0.5)",2020-12-22 00:41:17
CCI_bear_strategy,408,188,220,0.4684952147374184,20,-115,60,,300,"(0.2, 0.5)",2020-12-22 00:15:45
CCI_bear_strategy,426,199,227,0.4657225560941327,20,-105,95,,300,"(0.2, 0.5)",2020-12-22 00:35:41
CCI_bear_strategy,472,212,260,0.461152719667544,20,-65,125,,300,"(0.2, 0.5)",2020-12-22 01:58:01
CCI_bear_strategy,482,220,262,0.4607764453432599,20,-70,80,,300,"(0.2, 0.5)",2020-12-22 01:44:15
CCI_bear_strategy,417,199,218,0.4607580315547273,20,-105,125,,300,"(0.2, 0.5)",2020-12-22 00:37:27
CCI_bear_strategy,417,199,218,0.4604252281737846,20,-105,130,,300,"(0.2, 0.5)",2020-12-22 00:37:45
CCI_bear_strategy,481,206,275,0.460369992163451,20,-60,80,,300,"(0.2, 0.5)",2020-12-22 02:05:40
CCI_bear_strategy,405,200,205,0.4597555733563825,20,-105,195,,300,"(0.2, 0.5)",2020-12-22 00:41:35
CCI_bear_strategy,406,201,205,0.4579341344036578,20,-105,185,,300,"(0.2, 0.5)",2020-12-22 00:40:59
CCI_bear_strategy,407,189,218,0.4573914832924739,20,-115,65,,300,"(0.2, 0.5)",2020-12-22 00:16:03
CCI_bear_strategy,450,213,237,0.45654341289092204,20,-95,80,,300,"(0.2, 0.5)",2020-12-22 00:53:32
CCI_bear_strategy,467,220,247,0.45434519792697037,20,-70,125,,300,"(0.2, 0.5)",2020-12-22 01:47:19
CCI_bear_strategy,482,220,262,0.4535061199980752,20,-70,85,,300,"(0.2, 0.5)",2020-12-22 01:44:36
CCI_bear_strategy,487,219,268,0.4517608147400549,20,-70,70,,300,"(0.2, 0.5)",2020-12-22 01:43:34
CCI_bear_strategy,469,219,250,0.44767840611059384,20,-70,120,,300,"(0.2, 0.5)",2020-12-22 01:46:59
CCI_bear_strategy,378,173,205,0.4466851241205694,20,-125,80,,300,"(0.2, 0.5)",2020-12-22 00:00:04
CCI_bear_strategy,385,184,201,0.4466306884980269,20,-120,95,,300,"(0.2, 0.5)",2020-12-22 00:09:09
CCI_bear_strategy,486,209,277,0.4456590028128864,20,-60,70,,300,"(0.2, 0.5)",2020-12-22 02:04:58
CCI_bear_strategy,485,209,276,0.44542318559356486,20,-60,75,,300,"(0.2, 0.5)",2020-12-22 02:05:19
CCI_bear_strategy,405,191,214,0.44450549034634124,20,-115,75,,300,"(0.2, 0.5)",2020-12-22 00:16:37
CCI_bear_strategy,416,199,217,0.4432287174011531,20,-105,140,,300,"(0.2, 0.5)",2020-12-22 00:38:20
CCI_bear_strategy,388,175,213,0.44246640092938283,20,-125,50,,300,"(0.2, 0.5)",2020-12-21 23:58:28
CCI_bear_strategy,390,185,205,0.4364522940669424,20,-120,85,,300,"(0.2, 0.5)",2020-12-22 00:08:37
CCI_bear_strategy,420,199,221,0.43549645421887173,20,-105,120,,300,"(0.2, 0.5)",2020-12-22 00:37:09
CCI_bear_strategy,376,176,200,0.4320135181427234,20,-125,85,,300,"(0.2, 0.5)",2020-12-22 00:00:20
CCI_bear_strategy,413,195,218,0.43156783346399674,20,-110,85,,300,"(0.2, 0.5)",2020-12-22 00:26:07
CCI_bear_strategy,447,205,242,0.4309635450429865,20,-100,60,,300,"(0.2, 0.5)",2020-12-22 00:42:47
CCI_bear_strategy,448,215,233,0.4309514604026021,20,-95,90,,300,"(0.2, 0.5)",2020-12-22 00:54:09
CCI_bear_strategy,383,184,199,0.4274828259021761,20,-120,105,,300,"(0.2, 0.5)",2020-12-22 00:09:42
CCI_bear_strategy,407,201,206,0.4267714025002116,20,-105,180,,300,"(0.2, 0.5)",2020-12-22 00:40:42
CCI_bear_strategy,407,201,206,0.42660399629004564,20,-105,175,,300,"(0.2, 0.5)",2020-12-22 00:40:24
CCI_bear_strategy,473,209,264,0.4264192023353295,20,-60,100,,300,"(0.2, 0.5)",2020-12-22 02:07:04
CCI_bear_strategy,462,210,252,0.4256827871542974,20,-95,55,,300,"(0.2, 0.5)",2020-12-22 00:51:59
CCI_bear_strategy,381,188,193,0.42539087920913143,20,-120,115,,300,"(0.2, 0.5)",2020-12-22 00:10:14
CCI_bear_strategy,471,212,259,0.4252824527010006,20,-65,130,,300,"(0.2, 0.5)",2020-12-22 01:58:22
CCI_bear_strategy,450,213,237,0.4245910382554392,20,-95,85,,300,"(0.2, 0.5)",2020-12-22 00:53:50
CCI_bear_strategy,405,200,205,0.42316283683334777,20,-105,200,,300,"(0.2, 0.5)",2020-12-22 00:41:52
CCI_bear_strategy,387,185,202,0.4225763865940604,20,-120,90,,300,"(0.2, 0.5)",2020-12-22 00:08:53
CCI_bear_strategy,382,185,197,0.4207212885068756,20,-120,110,,300,"(0.2, 0.5)",2020-12-22 00:09:58
CCI_bear_strategy,467,220,247,0.42043387849460423,20,-70,130,,300,"(0.2, 0.5)",2020-12-22 01:47:40
CCI_bear_strategy,472,210,262,0.4178294035194221,20,-60,105,,300,"(0.2, 0.5)",2020-12-22 02:07:25
CCI_bear_strategy,476,206,270,0.41561807059699873,20,-60,95,,300,"(0.2, 0.5)",2020-12-22 02:06:43
CCI_bear_strategy,413,195,218,0.414763424306297,20,-110,80,,300,"(0.2, 0.5)",2020-12-22 00:25:50
CCI_bear_strategy,385,183,202,0.4147194228654394,20,-120,100,,300,"(0.2, 0.5)",2020-12-22 00:09:26
CCI_bear_strategy,468,210,258,0.41225411121267075,20,-60,115,,300,"(0.2, 0.5)",2020-12-22 02:08:07
CCI_bear_strategy,455,211,244,0.4029284144279126,20,-95,70,,300,"(0.2, 0.5)",2020-12-22 00:52:54
CCI_bear_strategy,446,213,233,0.4007484453809089,20,-95,95,,300,"(0.2, 0.5)",2020-12-22 00:54:28
CCI_bear_strategy,498,208,290,0.3983871446773528,20,-65,55,,300,"(0.2, 0.5)",2020-12-22 01:53:09
CCI_bear_strategy,403,191,212,0.3972207295904635,20,-115,80,,300,"(0.2, 0.5)",2020-12-22 00:16:56
CCI_bear_strategy,444,214,230,0.3939483449998573,20,-95,100,,300,"(0.2, 0.5)",2020-12-22 00:54:46
CCI_bear_strategy,454,211,243,0.39197991109707875,20,-95,75,,300,"(0.2, 0.5)",2020-12-22 00:53:13
CCI_bear_strategy,377,185,192,0.3878522788213796,20,-120,130,,300,"(0.2, 0.5)",2020-12-22 00:11:03
CCI_bear_strategy,380,186,194,0.3855447945818855,20,-120,120,,300,"(0.2, 0.5)",2020-12-22 00:10:30
CCI_bear_strategy,443,212,231,0.3855038004336877,20,-95,105,,300,"(0.2, 0.5)",2020-12-22 00:55:05
CCI_bear_strategy,471,208,263,0.3816954660082701,20,-60,110,,300,"(0.2, 0.5)",2020-12-22 02:07:46
CCI_bear_strategy,468,210,258,0.3805454209499688,20,-60,120,,300,"(0.2, 0.5)",2020-12-22 02:08:28
CCI_bear_strategy,445,206,239,0.37962460280079924,20,-100,65,,300,"(0.2, 0.5)",2020-12-22 00:43:05
CCI_bear_strategy,459,211,248,0.37895832463567136,20,-95,60,,300,"(0.2, 0.5)",2020-12-22 00:52:17
CCI_bear_strategy,462,209,253,0.3783199285687757,20,-65,155,,300,"(0.2, 0.5)",2020-12-22 02:00:06
CCI_bear_strategy,378,185,193,0.3749600297505158,20,-120,125,,300,"(0.2, 0.5)",2020-12-22 00:10:47
CCI_bear_strategy,467,219,248,0.373369141042577,20,-70,135,,300,"(0.2, 0.5)",2020-12-22 01:48:01
CCI_bear_strategy,501,207,294,0.37005847307589534,20,-65,50,,300,"(0.2, 0.5)",2020-12-22 01:52:48
CCI_bear_strategy,375,176,199,0.3693170809426356,20,-125,90,,300,"(0.2, 0.5)",2020-12-22 00:00:36
CCI_bear_strategy,439,209,230,0.36832185683643504,20,-95,125,,300,"(0.2, 0.5)",2020-12-22 00:56:20
CCI_bear_strategy,370,163,207,0.36667453112134885,20,-130,65,,300,"(0.2, 0.5)",2020-12-21 23:51:07
CCI_bear_strategy,475,210,265,0.361679826158809,20,-90,50,,300,"(0.2, 0.5)",2020-12-22 01:01:20
CCI_bear_strategy,456,208,248,0.35854019801516857,20,-65,175,,300,"(0.2, 0.5)",2020-12-22 02:01:29
CCI_bear_strategy,493,215,278,0.3583187093488094,20,-70,60,,300,"(0.2, 0.5)",2020-12-22 01:42:53
CCI_bear_strategy,497,206,291,0.358088989712837,20,-60,50,,300,"(0.2, 0.5)",2020-12-22 02:03:33
CCI_bear_strategy,413,193,220,0.35676820809675003,20,-110,90,,300,"(0.2, 0.5)",2020-12-22 00:26:24
CCI_bear_strategy,495,213,282,0.35493075266496055,20,-70,55,,300,"(0.2, 0.5)",2020-12-22 01:42:32
CCI_bear_strategy,504,205,299,0.35155907745143833,20,-55,50,,300,"(0.2, 0.5)",2020-12-22 02:14:23
CCI_bear_strategy,367,162,205,0.35051480489200304,20,-130,75,,300,"(0.2, 0.5)",2020-12-21 23:51:38
CCI_bear_strategy,365,164,201,0.34881633202967377,20,-130,85,,300,"(0.2, 0.5)",2020-12-21 23:52:09
CCI_bear_strategy,468,209,259,0.34754173802511934,20,-65,135,,300,"(0.2, 0.5)",2020-12-22 01:58:43
CCI_bear_strategy,377,183,194,0.34584582880447656,20,-120,135,,300,"(0.2, 0.5)",2020-12-22 00:11:19
CCI_bear_strategy,440,209,231,0.34579295908261365,20,-95,115,,300,"(0.2, 0.5)",2020-12-22 00:55:42
CCI_bear_strategy,411,193,218,0.34549186143317634,20,-110,95,,300,"(0.2, 0.5)",2020-12-22 00:26:41
CCI_bear_strategy,376,182,194,0.34544759789859025,20,-120,145,,300,"(0.2, 0.5)",2020-12-22 00:11:52
CCI_bear_strategy,467,222,245,0.34394055207437124,20,-75,105,,300,"(0.2, 0.5)",2020-12-22 01:35:30
CCI_bear_strategy,373,161,212,0.34370333719886426,20,-130,60,,300,"(0.2, 0.5)",2020-12-21 23:50:51
CCI_bear_strategy,409,196,213,0.3436412707190881,20,-110,105,,300,"(0.2, 0.5)",2020-12-22 00:27:16
CCI_bear_strategy,466,210,256,0.3436015172811928,20,-65,145,,300,"(0.2, 0.5)",2020-12-22 01:59:25
CCI_bear_strategy,376,182,194,0.3425968877812209,20,-120,140,,300,"(0.2, 0.5)",2020-12-22 00:11:36
CCI_bear_strategy,440,209,231,0.3419407613972003,20,-95,120,,300,"(0.2, 0.5)",2020-12-22 00:56:01
CCI_bear_strategy,363,167,196,0.34015664937523615,20,-130,90,,300,"(0.2, 0.5)",2020-12-21 23:52:25
CCI_bear_strategy,443,210,233,0.3372341619657111,20,-95,110,,300,"(0.2, 0.5)",2020-12-22 00:55:24
CCI_bear_strategy,467,210,257,0.3371371223181028,20,-60,125,,300,"(0.2, 0.5)",2020-12-22 02:08:50
CCI_bear_strategy,408,196,212,0.33627264636959686,20,-110,110,,300,"(0.2, 0.5)",2020-12-22 00:27:33
CCI_bear_strategy,369,162,207,0.3360298824612784,20,-130,70,,300,"(0.2, 0.5)",2020-12-21 23:51:22
CCI_bear_strategy,371,174,197,0.3353047360858006,20,-125,100,,300,"(0.2, 0.5)",2020-12-22 00:01:07
CCI_bear_strategy,437,207,230,0.3343410307574304,20,-95,135,,300,"(0.2, 0.5)",2020-12-22 00:56:57
CCI_bear_strategy,447,207,240,0.3316783832532413,20,-60,180,,300,"(0.2, 0.5)",2020-12-22 02:12:39
CCI_bear_strategy,376,182,194,0.33163606392128564,20,-120,150,,300,"(0.2, 0.5)",2020-12-22 00:12:09
CCI_bear_strategy,401,190,211,0.330548812812296,20,-115,85,,300,"(0.2, 0.5)",2020-12-22 00:17:13
CCI_bear_strategy,439,207,232,0.3301406052192526,20,-95,130,,300,"(0.2, 0.5)",2020-12-22 00:56:38
CCI_bear_strategy,410,193,217,0.32854050715579275,20,-110,100,,300,"(0.2, 0.5)",2020-12-22 00:26:59
CCI_bear_strategy,406,195,211,0.3281374188378501,20,-110,115,,300,"(0.2, 0.5)",2020-12-22 00:27:50
CCI_bear_strategy,371,184,187,0.327562150175674,20,-120,175,,300,"(0.2, 0.5)",2020-12-22 00:13:32
CCI_bear_strategy,469,223,246,0.32751736438914736,20,-75,100,,300,"(0.2, 0.5)",2020-12-22 01:35:10
CCI_bear_strategy,369,185,184,0.3244709117603064,20,-120,200,,300,"(0.2, 0.5)",2020-12-22 00:14:55
CCI_bear_strategy,434,207,227,0.32245437127490484,20,-95,150,,300,"(0.2, 0.5)",2020-12-22 00:57:53
CCI_bear_strategy,457,211,246,0.3223258512432252,20,-95,65,,300,"(0.2, 0.5)",2020-12-22 00:52:36
CCI_bear_strategy,462,217,245,0.32162726867165103,20,-70,150,,300,"(0.2, 0.5)",2020-12-22 01:49:02
CCI_bear_strategy,400,189,211,0.31980840207388495,20,-115,90,,300,"(0.2, 0.5)",2020-12-22 00:17:30
CCI_bear_strategy,457,208,249,0.31975319882395636,20,-65,170,,300,"(0.2, 0.5)",2020-12-22 02:01:09
CCI_bear_strategy,358,161,197,0.318271151777445,20,-135,90,,300,"(0.2, 0.5)",2020-12-21 20:00:30
CCI_bear_strategy,454,209,245,0.3172613936552606,20,-65,185,,300,"(0.2, 0.5)",2020-12-22 02:02:10
CCI_bear_strategy,437,207,230,0.3169635602271248,20,-95,140,,300,"(0.2, 0.5)",2020-12-22 00:57:16
CCI_bear_strategy,402,192,210,0.3152305878958037,20,-110,140,,300,"(0.2, 0.5)",2020-12-22 00:29:17
CCI_bear_strategy,462,209,253,0.3137886365179221,20,-65,160,,300,"(0.2, 0.5)",2020-12-22 02:00:27
CCI_bear_strategy,346,156,190,0.31230128202209273,20,-140,95,,300,"(0.2, 0.5)",2020-12-21 19:52:10
CCI_bear_strategy,468,208,260,0.31197832578710694,20,-65,140,,300,"(0.2, 0.5)",2020-12-22 01:59:04
CCI_bear_strategy,447,208,239,0.3118431783192577,20,-60,185,,300,"(0.2, 0.5)",2020-12-22 02:13:00
CCI_bear_strategy,447,208,239,0.3104413506324206,20,-60,190,,300,"(0.2, 0.5)",2020-12-22 02:13:20
CCI_bear_strategy,445,206,239,0.3102160297038312,20,-60,200,,300,"(0.2, 0.5)",2020-12-22 02:14:02
CCI_bear_strategy,371,184,187,0.30970254559881627,20,-120,180,,300,"(0.2, 0.5)",2020-12-22 00:13:48
CCI_bear_strategy,472,211,261,0.3093469183929767,20,-90,55,,300,"(0.2, 0.5)",2020-12-22 01:01:39
CCI_bear_strategy,446,206,240,0.3086485745113736,20,-60,195,,300,"(0.2, 0.5)",2020-12-22 02:13:41
CCI_bear_strategy,461,207,254,0.30792375127284966,20,-65,165,,300,"(0.2, 0.5)",2020-12-22 02:00:48
CCI_bear_strategy,406,193,213,0.3076885775712994,20,-110,120,,300,"(0.2, 0.5)",2020-12-22 00:28:08
CCI_bear_strategy,464,209,255,0.3051170763778275,20,-65,150,,300,"(0.2, 0.5)",2020-12-22 01:59:46
CCI_bear_strategy,502,204,298,0.3036249541401894,20,-55,60,,300,"(0.2, 0.5)",2020-12-22 02:15:07
CCI_bear_strategy,444,203,241,0.3034193814046189,20,-100,75,,300,"(0.2, 0.5)",2020-12-22 00:43:41
CCI_bear_strategy,373,175,198,0.3025901737832164,20,-125,95,,300,"(0.2, 0.5)",2020-12-22 00:00:52
CCI_bear_strategy,397,194,203,0.3019381730163444,20,-110,165,,300,"(0.2, 0.5)",2020-12-22 00:30:44
CCI_bear_strategy,390,192,198,0.30171211359129635,20,-110,195,,300,"(0.2, 0.5)",2020-12-22 00:32:28
CCI_bear_strategy,450,210,240,0.2989870072968239,20,-90,120,,300,"(0.2, 0.5)",2020-12-22 01:05:50
CCI_bear_strategy,436,206,230,0.2978180726020807,20,-95,145,,300,"(0.2, 0.5)",2020-12-22 00:57:34
CCI_bear_strategy,454,210,244,0.2973118883880168,20,-65,195,,300,"(0.2, 0.5)",2020-12-22 02:02:51
CCI_bear_strategy,403,191,212,0.2966458670641179,20,-110,135,,300,"(0.2, 0.5)",2020-12-22 00:29:00
CCI_bear_strategy,434,207,227,0.29647836764463764,20,-95,155,,300,"(0.2, 0.5)",2020-12-22 00:58:11
CCI_bear_strategy,467,220,247,0.2955483225365445,20,-75,110,,300,"(0.2, 0.5)",2020-12-22 01:35:50
CCI_bear_strategy,392,195,197,0.29552570041484083,20,-110,190,,300,"(0.2, 0.5)",2020-12-22 00:32:11
CCI_bear_strategy,454,210,244,0.29538758537105236,20,-65,190,,300,"(0.2, 0.5)",2020-12-22 02:02:31
CCI_bear_strategy,403,191,212,0.29535340326711657,20,-110,130,,300,"(0.2, 0.5)",2020-12-22 00:28:42
CCI_bear_strategy,356,177,179,0.2952639428293766,20,-125,180,,300,"(0.2, 0.5)",2020-12-22 00:05:23
CCI_bear_strategy,465,216,249,0.2943836599929628,20,-70,140,,300,"(0.2, 0.5)",2020-12-22 01:48:21
CCI_bear_strategy,376,182,194,0.2938628135799355,20,-120,155,,300,"(0.2, 0.5)",2020-12-22 00:12:25
CCI_bear_strategy,455,207,248,0.29283555251804594,20,-65,180,,300,"(0.2, 0.5)",2020-12-22 02:01:50
CCI_bear_strategy,370,184,186,0.29275943621294,20,-120,195,,300,"(0.2, 0.5)",2020-12-22 00:14:38
CCI_bear_strategy,464,209,255,0.2917916232525162,20,-90,75,,300,"(0.2, 0.5)",2020-12-22 01:02:56
CCI_bear_strategy,375,183,192,0.291643926961618,20,-120,160,,300,"(0.2, 0.5)",2020-12-22 00:12:41
CCI_bear_strategy,449,210,239,0.2911148011925657,20,-90,130,,300,"(0.2, 0.5)",2020-12-22 01:06:28
CCI_bear_strategy,440,210,230,0.2910974571176965,20,-90,175,,300,"(0.2, 0.5)",2020-12-22 01:09:22
CCI_bear_strategy,458,212,246,0.2910766300656831,20,-90,90,,300,"(0.2, 0.5)",2020-12-22 01:03:54
CCI_bear_strategy,451,210,241,0.29101995797698743,20,-90,115,,300,"(0.2, 0.5)",2020-12-22 01:05:31
CCI_bear_strategy,366,176,190,0.2907587238445992,20,-125,125,,300,"(0.2, 0.5)",2020-12-22 00:02:27
CCI_bear_strategy,466,210,256,0.2904279746833296,20,-90,70,,300,"(0.2, 0.5)",2020-12-22 01:02:37
CCI_bear_strategy,366,163,203,0.2898369019612519,20,-130,80,,300,"(0.2, 0.5)",2020-12-21 23:51:53
CCI_bear_strategy,371,173,198,0.28953875120908057,20,-125,105,,300,"(0.2, 0.5)",2020-12-22 00:01:23
CCI_bear_strategy,444,203,241,0.2889630309583131,20,-100,70,,300,"(0.2, 0.5)",2020-12-22 00:43:23
CCI_bear_strategy,362,167,195,0.28811291170584075,20,-130,95,,300,"(0.2, 0.5)",2020-12-21 23:52:41
CCI_bear_strategy,434,212,222,0.28673171031624434,20,-90,200,,300,"(0.2, 0.5)",2020-12-22 01:10:59
CCI_bear_strategy,397,194,203,0.2866713591860708,20,-110,170,,300,"(0.2, 0.5)",2020-12-22 00:31:01
CCI_bear_strategy,453,208,245,0.2866661707981881,20,-65,200,,300,"(0.2, 0.5)",2020-12-22 02:03:12
CCI_bear_strategy,456,213,243,0.2863876314199556,20,-90,95,,300,"(0.2, 0.5)",2020-12-22 01:04:14
CCI_bear_strategy,401,193,208,0.28541693280252023,20,-110,150,,300,"(0.2, 0.5)",2020-12-22 00:29:52
CCI_bear_strategy,459,215,244,0.2853128782852399,20,-70,160,,300,"(0.2, 0.5)",2020-12-22 01:49:43
CCI_bear_strategy,465,221,244,0.2848222988600402,20,-75,115,,300,"(0.2, 0.5)",2020-12-22 01:36:10
CCI_bear_strategy,492,200,292,0.28385843299175817,20,-55,80,,300,"(0.2, 0.5)",2020-12-22 02:16:33
CCI_bear_strategy,359,176,183,0.28318140999833474,20,-125,165,,300,"(0.2, 0.5)",2020-12-22 00:04:35
CCI_bear_strategy,467,209,258,0.28304972022148855,20,-90,65,,300,"(0.2, 0.5)",2020-12-22 01:02:18
CCI_bear_strategy,370,173,197,0.28297890641751944,20,-125,110,,300,"(0.2, 0.5)",2020-12-22 00:01:39
CCI_bear_strategy,363,175,188,0.2824161774126386,20,-125,135,,300,"(0.2, 0.5)",2020-12-22 00:02:59
CCI_bear_strategy,450,209,241,0.2819514978634352,20,-90,125,,300,"(0.2, 0.5)",2020-12-22 01:06:09
CCI_bear_strategy,375,163,212,0.28166711243674514,20,-130,55,,300,"(0.2, 0.5)",2020-12-21 23:50:36
CCI_bear_strategy,498,213,285,0.27924254805679904,20,-70,50,,300,"(0.2, 0.5)",2020-12-22 01:42:11
CCI_bear_strategy,504,202,302,0.279066622812044,20,-55,55,,300,"(0.2, 0.5)",2020-12-22 02:14:45
CCI_bear_strategy,464,215,249,0.278583553953188,20,-70,145,,300,"(0.2, 0.5)",2020-12-22 01:48:42
CCI_bear_strategy,364,175,189,0.2783771983619159,20,-125,130,,300,"(0.2, 0.5)",2020-12-22 00:02:43
CCI_bear_strategy,371,184,187,0.2782822776771945,20,-120,185,,300,"(0.2, 0.5)",2020-12-22 00:14:05
CCI_bear_strategy,369,174,195,0.2781157247019028,20,-125,115,,300,"(0.2, 0.5)",2020-12-22 00:01:55
CCI_bear_strategy,455,211,244,0.27792031391430716,20,-90,100,,300,"(0.2, 0.5)",2020-12-22 01:04:33
CCI_bear_strategy,454,215,239,0.2778276374957931,20,-70,180,,300,"(0.2, 0.5)",2020-12-22 01:51:05
CCI_bear_strategy,375,182,193,0.27743648645064356,20,-120,165,,300,"(0.2, 0.5)",2020-12-22 00:12:58
CCI_bear_strategy,368,177,191,0.2772754735069418,20,-125,120,,300,"(0.2, 0.5)",2020-12-22 00:02:11
CCI_bear_strategy,433,208,225,0.27696841432583996,20,-95,160,,300,"(0.2, 0.5)",2020-12-22 00:58:30
CCI_bear_strategy,338,158,180,0.27605907727700685,20,-140,135,,300,"(0.2, 0.5)",2020-12-21 19:54:19
CCI_bear_strategy,402,192,210,0.2759796568309607,20,-110,145,,300,"(0.2, 0.5)",2020-12-22 00:29:34
CCI_bear_strategy,356,177,179,0.27587611969435266,20,-125,185,,300,"(0.2, 0.5)",2020-12-22 00:05:39
CCI_bear_strategy,451,205,246,0.275234214202454,20,-60,170,,300,"(0.2, 0.5)",2020-12-22 02:11:58
CCI_bear_strategy,439,206,233,0.2745134889005836,20,-100,95,,300,"(0.2, 0.5)",2020-12-22 00:44:54
CCI_bear_strategy,441,212,229,0.2744932948605452,20,-90,170,,300,"(0.2, 0.5)",2020-12-22 01:09:03
CCI_bear_strategy,439,211,228,0.2742008608370283,20,-90,180,,300,"(0.2, 0.5)",2020-12-22 01:09:42
CCI_bear_strategy,460,215,245,0.2733705525985528,20,-70,155,,300,"(0.2, 0.5)",2020-12-22 01:49:23
CCI_bear_strategy,400,188,212,0.2723219257822782,20,-115,95,,300,"(0.2, 0.5)",2020-12-22 00:17:47
CCI_bear_strategy,464,207,257,0.27211104106238126,20,-60,130,,300,"(0.2, 0.5)",2020-12-22 02:09:11
CCI_bear_strategy,465,222,243,0.2720867491484922,20,-75,120,,300,"(0.2, 0.5)",2020-12-22 01:36:31
CCI_bear_strategy,401,192,209,0.27107359951016896,20,-110,155,,300,"(0.2, 0.5)",2020-12-22 00:30:09
CCI_bear_strategy,449,210,239,0.2706293295808464,20,-90,135,,300,"(0.2, 0.5)",2020-12-22 01:06:47
CCI_bear_strategy,358,162,196,0.2702222475510172,20,-135,95,,300,"(0.2, 0.5)",2020-12-21 20:00:48
CCI_bear_strategy,462,207,255,0.2699589361398069,20,-60,140,,300,"(0.2, 0.5)",2020-12-22 02:09:53
CCI_bear_strategy,347,155,192,0.2697959081536474,20,-140,90,,300,"(0.2, 0.5)",2020-12-21 19:51:54
CCI_bear_strategy,446,210,236,0.2696612928105844,20,-90,145,,300,"(0.2, 0.5)",2020-12-22 01:07:26
CCI_bear_strategy,406,191,215,0.269124549593726,20,-110,125,,300,"(0.2, 0.5)",2020-12-22 00:28:25
CCI_bear_strategy,452,209,243,0.2691055302707681,20,-90,110,,300,"(0.2, 0.5)",2020-12-22 01:05:11
CCI_bear_strategy,435,212,223,0.26756370389155704,20,-90,195,,300,"(0.2, 0.5)",2020-12-22 01:10:39
CCI_bear_strategy,359,175,184,0.2669597760849085,20,-125,170,,300,"(0.2, 0.5)",2020-12-22 00:04:51
CCI_bear_strategy,461,213,248,0.2669061948303342,20,-90,85,,300,"(0.2, 0.5)",2020-12-22 01:03:35
CCI_bear_strategy,430,206,224,0.26494433255284533,20,-95,185,,300,"(0.2, 0.5)",2020-12-22 01:00:04
CCI_bear_strategy,390,192,198,0.2649106650543276,20,-110,200,,300,"(0.2, 0.5)",2020-12-22 00:32:45
CCI_bear_strategy,473,219,254,0.26247700815797925,20,-75,95,,300,"(0.2, 0.5)",2020-12-22 01:34:50
CCI_bear_strategy,359,160,199,0.26193604283355265,20,-135,85,,300,"(0.2, 0.5)",2020-12-21 20:00:12
CCI_bear_strategy,374,180,194,0.261304678992349,20,-120,170,,300,"(0.2, 0.5)",2020-12-22 00:13:15
CCI_bear_strategy,361,174,187,0.2608412307489585,20,-125,150,,300,"(0.2, 0.5)",2020-12-22 00:03:47
CCI_bear_strategy,346,157,189,0.2607028516802403,20,-140,100,,300,"(0.2, 0.5)",2020-12-21 19:52:26
CCI_bear_strategy,437,211,226,0.2602799783389882,20,-90,190,,300,"(0.2, 0.5)",2020-12-22 01:10:20
CCI_bear_strategy,341,156,185,0.25991216005253426,20,-140,125,,300,"(0.2, 0.5)",2020-12-21 19:53:47
CCI_bear_strategy,430,206,224,0.2584948974250325,20,-95,180,,300,"(0.2, 0.5)",2020-12-22 00:59:46
CCI_bear_strategy,361,174,187,0.257840834205606,20,-125,145,,300,"(0.2, 0.5)",2020-12-22 00:03:31
CCI_bear_strategy,498,201,297,0.2567107793577508,20,-55,70,,300,"(0.2, 0.5)",2020-12-22 02:15:50
CCI_bear_strategy,340,157,183,0.25628366551824344,20,-140,130,,300,"(0.2, 0.5)",2020-12-21 19:54:03
CCI_bear_strategy,491,198,293,0.256188850277294,20,-55,85,,300,"(0.2, 0.5)",2020-12-22 02:16:54
CCI_bear_strategy,499,201,298,0.2558148228171686,20,-55,65,,300,"(0.2, 0.5)",2020-12-22 02:15:28
CCI_bear_strategy,394,194,200,0.25487513437186826,20,-110,185,,300,"(0.2, 0.5)",2020-12-22 00:31:54
CCI_bear_strategy,459,205,254,0.25441909730491563,20,-60,150,,300,"(0.2, 0.5)",2020-12-22 02:10:35
CCI_bear_strategy,464,210,254,0.25412673991462986,20,-90,80,,300,"(0.2, 0.5)",2020-12-22 01:03:16
CCI_bear_strategy,442,202,240,0.25335530115926863,20,-100,85,,300,"(0.2, 0.5)",2020-12-22 00:44:18
CCI_bear_strategy,495,197,298,0.2530440150413791,20,-55,75,,300,"(0.2, 0.5)",2020-12-22 02:16:11
CCI_bear_strategy,397,194,203,0.25295079577364765,20,-110,175,,300,"(0.2, 0.5)",2020-12-22 00:31:19
CCI_bear_strategy,357,162,195,0.25248253809167376,20,-135,100,,300,"(0.2, 0.5)",2020-12-21 20:01:06
CCI_bear_strategy,344,167,177,0.25227191964907636,20,-130,185,,300,"(0.2, 0.5)",2020-12-21 23:57:25
CCI_bear_strategy,462,222,240,0.2522384246753058,20,-75,130,,300,"(0.2, 0.5)",2020-12-22 01:37:11
CCI_bear_strategy,476,222,254,0.2504655999787353,20,-75,85,,300,"(0.2, 0.5)",2020-12-22 01:34:09
CCI_bear_strategy,464,221,243,0.2502957687128011,20,-75,125,,300,"(0.2, 0.5)",2020-12-22 01:36:51
CCI_bear_strategy,331,156,175,0.2497693166563546,20,-140,180,,300,"(0.2, 0.5)",2020-12-21 19:56:46
CCI_bear_strategy,361,174,187,0.24769340530516204,20,-125,155,,300,"(0.2, 0.5)",2020-12-22 00:04:03
CCI_bear_strategy,343,156,187,0.2467281086555715,20,-140,115,,300,"(0.2, 0.5)",2020-12-21 19:53:14
CCI_bear_strategy,455,210,245,0.24573897644716602,20,-90,105,,300,"(0.2, 0.5)",2020-12-22 01:04:52
CCI_bear_strategy,358,173,185,0.2455146620070996,20,-125,175,,300,"(0.2, 0.5)",2020-12-22 00:05:07
CCI_bear_strategy,356,177,179,0.2452673607434659,20,-125,190,,300,"(0.2, 0.5)",2020-12-22 00:05:55
CCI_bear_strategy,400,190,210,0.2450733403121097,20,-110,160,,300,"(0.2, 0.5)",2020-12-22 00:30:26
CCI_bear_strategy,448,209,239,0.24461480640081734,20,-90,140,,300,"(0.2, 0.5)",2020-12-22 01:07:07
CCI_bear_strategy,363,173,190,0.24360098657467755,20,-125,140,,300,"(0.2, 0.5)",2020-12-22 00:03:15
CCI_bear_strategy,345,157,188,0.2430960884964817,20,-140,105,,300,"(0.2, 0.5)",2020-12-21 19:52:42
CCI_bear_strategy,446,210,236,0.24195878612795818,20,-90,150,,300,"(0.2, 0.5)",2020-12-22 01:07:45
CCI_bear_strategy,444,202,242,0.2417479507023148,20,-100,80,,300,"(0.2, 0.5)",2020-12-22 00:43:59
CCI_bear_strategy,476,222,254,0.24123341086712435,20,-75,90,,300,"(0.2, 0.5)",2020-12-22 01:34:30
CCI_bear_strategy,464,206,258,0.23982315608766092,20,-60,135,,300,"(0.2, 0.5)",2020-12-22 02:09:32
CCI_bear_strategy,329,155,174,0.2384467625840521,20,-140,195,,300,"(0.2, 0.5)",2020-12-21 19:57:37
CCI_bear_strategy,371,183,188,0.23786474113417433,20,-120,190,,300,"(0.2, 0.5)",2020-12-22 00:14:22
CCI_bear_strategy,441,202,239,0.23780042030493442,20,-100,90,,300,"(0.2, 0.5)",2020-12-22 00:44:36
CCI_bear_strategy,438,206,232,0.23750683158790675,20,-100,100,,300,"(0.2, 0.5)",2020-12-22 00:45:13
CCI_bear_strategy,452,216,236,0.2373772933854561,20,-70,190,,300,"(0.2, 0.5)",2020-12-22 01:51:46
CCI_bear_strategy,399,187,212,0.23671500294337133,20,-115,100,,300,"(0.2, 0.5)",2020-12-22 00:18:04
CCI_bear_strategy,469,210,259,0.2356937627382496,20,-90,60,,300,"(0.2, 0.5)",2020-12-22 01:01:59
CCI_bear_strategy,344,167,177,0.23542518949434688,20,-130,190,,300,"(0.2, 0.5)",2020-12-21 23:57:41
CCI_bear_strategy,480,222,258,0.23539254204422377,20,-75,80,,300,"(0.2, 0.5)",2020-12-22 01:33:49
CCI_bear_strategy,431,207,224,0.23490706170635467,20,-95,175,,300,"(0.2, 0.5)",2020-12-22 00:59:27
CCI_bear_strategy,461,207,254,0.23295397734228573,20,-80,110,,300,"(0.2, 0.5)",2020-12-22 01:25:26
CCI_bear_strategy,331,155,176,0.2324186423020245,20,-140,185,,300,"(0.2, 0.5)",2020-12-21 19:57:03
CCI_bear_strategy,355,176,179,0.2311716952480991,20,-125,200,,300,"(0.2, 0.5)",2020-12-22 00:06:28
CCI_bear_strategy,439,211,228,0.2298322828939494,20,-90,185,,300,"(0.2, 0.5)",2020-12-22 01:10:01
CCI_bear_strategy,359,165,194,0.22903634866124278,20,-130,105,,300,"(0.2, 0.5)",2020-12-21 23:53:12
CCI_bear_strategy,335,155,180,0.22847926553155884,20,-140,150,,300,"(0.2, 0.5)",2020-12-21 19:55:08
CCI_bear_strategy,329,155,174,0.22588260476152835,20,-140,200,,300,"(0.2, 0.5)",2020-12-21 19:57:53
CCI_bear_strategy,436,206,230,0.22556148921778107,20,-100,105,,300,"(0.2, 0.5)",2020-12-22 00:45:31
CCI_bear_strategy,459,215,244,0.22521989483186244,20,-70,165,,300,"(0.2, 0.5)",2020-12-22 01:50:04
CCI_bear_strategy,348,166,182,0.2252094517416987,20,-130,170,,300,"(0.2, 0.5)",2020-12-21 23:56:38
CCI_bear_strategy,397,189,208,0.22380816293285544,20,-115,110,,300,"(0.2, 0.5)",2020-12-22 00:18:39
CCI_bear_strategy,445,211,234,0.2232648232851817,20,-90,155,,300,"(0.2, 0.5)",2020-12-22 01:08:05
CCI_bear_strategy,462,222,240,0.22303967785427803,20,-75,135,,300,"(0.2, 0.5)",2020-12-22 01:37:31
CCI_bear_strategy,398,186,212,0.22294329054707962,20,-115,105,,300,"(0.2, 0.5)",2020-12-22 00:18:22
CCI_bear_strategy,316,149,167,0.22239256419671727,20,-145,185,,300,"(0.2, 0.5)",2020-12-21 19:48:47
CCI_bear_strategy,453,204,249,0.22237881845249707,20,-60,165,,300,"(0.2, 0.5)",2020-12-22 02:11:37
CCI_bear_strategy,458,205,253,0.22049826645205894,20,-60,155,,300,"(0.2, 0.5)",2020-12-22 02:10:56
CCI_bear_strategy,485,223,262,0.220057193396612,20,-75,70,,300,"(0.2, 0.5)",2020-12-22 01:33:09
CCI_bear_strategy,452,217,235,0.21995148711555412,20,-70,200,,300,"(0.2, 0.5)",2020-12-22 01:52:27
CCI_bear_strategy,452,217,235,0.2198166919973752,20,-70,195,,300,"(0.2, 0.5)",2020-12-22 01:52:06
CCI_bear_strategy,455,220,235,0.21975278377613172,20,-75,155,,300,"(0.2, 0.5)",2020-12-22 01:38:51
CCI_bear_strategy,360,166,194,0.21908769377538628,20,-130,100,,300,"(0.2, 0.5)",2020-12-21 23:52:56
CCI_bear_strategy,330,154,176,0.21839908245655426,20,-140,190,,300,"(0.2, 0.5)",2020-12-21 19:57:20
CCI_bear_strategy,430,206,224,0.2163076878599648,20,-95,190,,300,"(0.2, 0.5)",2020-12-22 01:00:23
CCI_bear_strategy,381,189,192,0.2155400145495323,20,-115,195,,300,"(0.2, 0.5)",2020-12-22 00:23:32
CCI_bear_strategy,463,208,255,0.21515174243564816,20,-80,105,,300,"(0.2, 0.5)",2020-12-22 01:25:06
CCI_bear_strategy,335,154,181,0.2151259851456824,20,-140,155,,300,"(0.2, 0.5)",2020-12-21 19:55:24
CCI_bear_strategy,460,206,254,0.21489602182496736,20,-60,145,,300,"(0.2, 0.5)",2020-12-22 02:10:14
CCI_bear_strategy,343,155,188,0.21448120089115674,20,-140,120,,300,"(0.2, 0.5)",2020-12-21 19:53:30
CCI_bear_strategy,450,204,246,0.21441527889312928,20,-60,175,,300,"(0.2, 0.5)",2020-12-22 02:12:19
CCI_bear_strategy,364,158,206,0.2140597432511615,20,-135,70,,300,"(0.2, 0.5)",2020-12-21 19:59:17
CCI_bear_strategy,482,221,261,0.21373531798543444,20,-75,75,,300,"(0.2, 0.5)",2020-12-22 01:33:29
CCI_bear_strategy,361,174,187,0.2137044856135928,20,-125,160,,300,"(0.2, 0.5)",2020-12-22 00:04:19
CCI_bear_strategy,457,203,254,0.21294505783112716,20,-60,160,,300,"(0.2, 0.5)",2020-12-22 02:11:17
CCI_bear_strategy,453,214,239,0.21205942157084157,20,-70,185,,300,"(0.2, 0.5)",2020-12-22 01:51:25
CCI_bear_strategy,333,154,179,0.2112774785905316,20,-140,170,,300,"(0.2, 0.5)",2020-12-21 19:56:13
CCI_bear_strategy,337,156,181,0.21086363487918505,20,-140,140,,300,"(0.2, 0.5)",2020-12-21 19:54:35
CCI_bear_strategy,344,167,177,0.21046335144237727,20,-130,195,,300,"(0.2, 0.5)",2020-12-21 23:57:57
CCI_bear_strategy,455,214,241,0.2103462746055711,20,-70,175,,300,"(0.2, 0.5)",2020-12-22 01:50:45
CCI_bear_strategy,428,207,221,0.20909166247270772,20,-95,200,,300,"(0.2, 0.5)",2020-12-22 01:01:01
CCI_bear_strategy,445,217,228,0.20881957814124896,20,-75,195,,300,"(0.2, 0.5)",2020-12-22 01:41:31
CCI_bear_strategy,314,148,166,0.2086381445099492,20,-145,200,,300,"(0.2, 0.5)",2020-12-21 19:49:32
CCI_bear_strategy,432,207,225,0.2081790452664476,20,-95,165,,300,"(0.2, 0.5)",2020-12-22 00:58:49
CCI_bear_strategy,445,218,227,0.20783448346565514,20,-75,200,,300,"(0.2, 0.5)",2020-12-22 01:41:50
CCI_bear_strategy,461,223,238,0.2070966624711179,20,-75,140,,300,"(0.2, 0.5)",2020-12-22 01:37:51
CCI_bear_strategy,348,165,183,0.20707080389375365,20,-130,175,,300,"(0.2, 0.5)",2020-12-21 23:56:54
CCI_bear_strategy,316,148,168,0.20589744427901732,20,-145,190,,300,"(0.2, 0.5)",2020-12-21 19:49:02
CCI_bear_strategy,357,162,195,0.2048702914411371,20,-135,105,,300,"(0.2, 0.5)",2020-12-21 20:01:24
CCI_bear_strategy,467,210,257,0.2045859224235711,20,-80,90,,300,"(0.2, 0.5)",2020-12-22 01:24:06
CCI_bear_strategy,430,206,224,0.20444266278985923,20,-95,195,,300,"(0.2, 0.5)",2020-12-22 01:00:42
CCI_bear_strategy,350,153,197,0.20388347574650426,20,-140,85,,300,"(0.2, 0.5)",2020-12-21 19:51:38
CCI_bear_strategy,395,193,202,0.20383697390440791,20,-110,180,,300,"(0.2, 0.5)",2020-12-22 00:31:36
CCI_bear_strategy,444,209,235,0.2036130810646113,20,-90,165,,300,"(0.2, 0.5)",2020-12-22 01:08:44
CCI_bear_strategy,432,206,226,0.20200672269902276,20,-95,170,,300,"(0.2, 0.5)",2020-12-22 00:59:08
CCI_bear_strategy,361,158,203,0.20199632529169032,20,-135,80,,300,"(0.2, 0.5)",2020-12-21 19:59:53
CCI_bear_strategy,436,204,232,0.2007664090464092,20,-100,110,,300,"(0.2, 0.5)",2020-12-22 00:45:49
CCI_bear_strategy,490,198,292,0.1996441027300302,20,-55,90,,300,"(0.2, 0.5)",2020-12-22 02:17:16
CCI_bear_strategy,459,213,246,0.19842142173921928,20,-70,170,,300,"(0.2, 0.5)",2020-12-22 01:50:24
CCI_bear_strategy,345,157,188,0.19644508169536531,20,-140,110,,300,"(0.2, 0.5)",2020-12-21 19:52:58
CCI_bear_strategy,336,155,181,0.19603654678077187,20,-140,145,,300,"(0.2, 0.5)",2020-12-21 19:54:52
CCI_bear_strategy,367,156,211,0.19503582311006973,20,-135,65,,300,"(0.2, 0.5)",2020-12-21 19:59:01
CCI_bear_strategy,331,149,182,0.19394574845287016,20,-145,95,,300,"(0.2, 0.5)",2020-12-21 19:44:13
CCI_bear_strategy,334,154,180,0.19385439239985147,20,-140,160,,300,"(0.2, 0.5)",2020-12-21 19:55:41
CCI_bear_strategy,334,154,180,0.19360491389352985,20,-140,165,,300,"(0.2, 0.5)",2020-12-21 19:55:57
CCI_bear_strategy,353,153,200,0.19349577514463467,20,-140,75,,300,"(0.2, 0.5)",2020-12-21 19:51:07
CCI_bear_strategy,464,207,257,0.19269122622214852,20,-80,100,,300,"(0.2, 0.5)",2020-12-22 01:24:46
CCI_bear_strategy,461,205,256,0.1921258002528583,20,-80,115,,300,"(0.2, 0.5)",2020-12-22 01:25:46
CCI_bear_strategy,432,202,230,0.19157829422466555,20,-100,125,,300,"(0.2, 0.5)",2020-12-22 00:46:44
CCI_bear_strategy,380,187,193,0.19074042315938056,20,-115,200,,300,"(0.2, 0.5)",2020-12-22 00:23:49
CCI_bear_strategy,315,147,168,0.1904562459332304,20,-145,195,,300,"(0.2, 0.5)",2020-12-21 19:49:17
CCI_bear_strategy,489,218,271,0.1900068807633899,20,-75,60,,300,"(0.2, 0.5)",2020-12-22 01:32:28
CCI_bear_strategy,379,163,216,0.18997250120111508,20,-130,50,,300,"(0.2, 0.5)",2020-12-21 23:50:20
CCI_bear_strategy,359,164,195,0.1897895818041171,20,-130,110,,300,"(0.2, 0.5)",2020-12-21 23:53:27
CCI_bear_strategy,432,202,230,0.18501319087930557,20,-100,130,,300,"(0.2, 0.5)",2020-12-22 00:47:03
CCI_bear_strategy,483,210,273,0.1839805091687292,20,-80,55,,300,"(0.2, 0.5)",2020-12-22 01:21:45
CCI_bear_strategy,352,152,200,0.18329361007638398,20,-140,80,,300,"(0.2, 0.5)",2020-12-21 19:51:23
CCI_bear_strategy,347,163,184,0.18328659402883063,20,-130,180,,300,"(0.2, 0.5)",2020-12-21 23:57:10
CCI_bear_strategy,433,201,232,0.18314939960389132,20,-100,120,,300,"(0.2, 0.5)",2020-12-22 00:46:26
CCI_bear_strategy,386,187,199,0.18238735083296875,20,-115,170,,300,"(0.2, 0.5)",2020-12-22 00:22:04
CCI_bear_strategy,307,140,167,0.1822709805948477,20,-150,190,,300,"(0.2, 0.5)",2020-12-21 19:41:11
CCI_bear_strategy,471,210,261,0.18189613761452983,20,-80,85,,300,"(0.2, 0.5)",2020-12-22 01:23:46
CCI_bear_strategy,441,206,235,0.181780179468918,20,-80,200,,300,"(0.2, 0.5)",2020-12-22 01:31:27
CCI_bear_strategy,453,218,235,0.18134715565887216,20,-75,160,,300,"(0.2, 0.5)",2020-12-22 01:39:11
CCI_bear_strategy,363,157,206,0.18090101661837665,20,-135,75,,300,"(0.2, 0.5)",2020-12-21 19:59:35
CCI_bear_strategy,383,187,196,0.18050029268444012,20,-115,190,,300,"(0.2, 0.5)",2020-12-22 00:23:15
CCI_bear_strategy,457,218,239,0.18004479300866794,20,-75,150,,300,"(0.2, 0.5)",2020-12-22 01:38:31
CCI_bear_strategy,489,199,290,0.18003222507701278,20,-55,95,,300,"(0.2, 0.5)",2020-12-22 02:17:37
CCI_bear_strategy,355,165,190,0.1785014196229977,20,-130,130,,300,"(0.2, 0.5)",2020-12-21 23:54:30
CCI_bear_strategy,333,154,179,0.17760532590811473,20,-140,175,,300,"(0.2, 0.5)",2020-12-21 19:56:30
CCI_bear_strategy,356,175,181,0.1765841638561958,20,-125,195,,300,"(0.2, 0.5)",2020-12-22 00:06:12
CCI_bear_strategy,357,160,197,0.17635927556645134,20,-135,110,,300,"(0.2, 0.5)",2020-12-21 20:01:42
CCI_bear_strategy,430,203,227,0.17561210151717432,20,-100,140,,300,"(0.2, 0.5)",2020-12-22 00:47:39
CCI_bear_strategy,460,206,254,0.17537031213364052,20,-80,120,,300,"(0.2, 0.5)",2020-12-22 01:26:07
CCI_bear_strategy,331,149,182,0.17406803270950544,20,-145,100,,300,"(0.2, 0.5)",2020-12-21 19:44:28
CCI_bear_strategy,467,209,258,0.17226026556375662,20,-80,95,,300,"(0.2, 0.5)",2020-12-22 01:24:26
CCI_bear_strategy,394,187,207,0.17221767504931673,20,-115,125,,300,"(0.2, 0.5)",2020-12-22 00:19:30
CCI_bear_strategy,397,188,209,0.16844267532660107,20,-115,115,,300,"(0.2, 0.5)",2020-12-22 00:18:56
CCI_bear_strategy,474,209,265,0.16808943188067538,20,-80,80,,300,"(0.2, 0.5)",2020-12-22 01:23:26
CCI_bear_strategy,688,240,448,0.1679317091467989,20,-165,50,,300,"(0.2, 0.5)",2020-12-21 13:24:20
CCI_bear_strategy,341,161,180,0.16780036648291907,20,-135,190,,300,"(0.2, 0.5)",2020-12-21 23:49:33
CCI_bear_strategy,307,139,168,0.1675205118726013,20,-150,195,,300,"(0.2, 0.5)",2020-12-21 19:41:26
CCI_bear_strategy,386,187,199,0.1668360797761883,20,-115,175,,300,"(0.2, 0.5)",2020-12-22 00:22:22
CCI_bear_strategy,353,165,188,0.16675945226010236,20,-130,140,,300,"(0.2, 0.5)",2020-12-21 23:55:01
CCI_bear_strategy,350,164,186,0.16619508918903625,20,-130,160,,300,"(0.2, 0.5)",2020-12-21 23:56:07
CCI_bear_strategy,488,219,269,0.16607457961280403,20,-75,65,,300,"(0.2, 0.5)",2020-12-22 01:32:48
CCI_bear_strategy,395,187,208,0.16407701176763068,20,-115,120,,300,"(0.2, 0.5)",2020-12-22 00:19:13
CCI_bear_strategy,436,202,234,0.16382596521294235,20,-100,115,,300,"(0.2, 0.5)",2020-12-22 00:46:08
CCI_bear_strategy,708,238,470,0.16252575189261353,20,-160,80,,300,"(0.2, 0.5)",2020-12-21 13:39:06
CCI_bear_strategy,488,200,288,0.16231973418722068,20,-55,100,,300,"(0.2, 0.5)",2020-12-22 02:17:58
CCI_bear_strategy,705,238,467,0.16168524399262266,20,-165,75,,300,"(0.2, 0.5)",2020-12-21 13:26:27
CCI_bear_strategy,317,148,169,0.16087532710485908,20,-145,175,,300,"(0.2, 0.5)",2020-12-21 19:48:17
CCI_bear_strategy,359,163,196,0.16045153618644092,20,-130,115,,300,"(0.2, 0.5)",2020-12-21 23:53:43
CCI_bear_strategy,430,202,228,0.16027398512741353,20,-100,145,,300,"(0.2, 0.5)",2020-12-22 00:47:58
CCI_bear_strategy,481,208,273,0.1596637984301501,20,-80,65,,300,"(0.2, 0.5)",2020-12-22 01:22:25
CCI_bear_strategy,354,165,189,0.1589110146579764,20,-130,135,,300,"(0.2, 0.5)",2020-12-21 23:54:45
CCI_bear_strategy,390,186,204,0.1585491590508623,20,-115,155,,300,"(0.2, 0.5)",2020-12-22 00:21:13
CCI_bear_strategy,477,212,265,0.15850552126655115,20,-80,75,,300,"(0.2, 0.5)",2020-12-22 01:23:06
CCI_bear_strategy,460,206,254,0.1584813875272535,20,-80,125,,300,"(0.2, 0.5)",2020-12-22 01:26:27
CCI_bear_strategy,357,166,191,0.15846557801649142,20,-130,125,,300,"(0.2, 0.5)",2020-12-21 23:54:14
CCI_bear_strategy,445,209,236,0.15840678035799138,20,-90,160,,300,"(0.2, 0.5)",2020-12-22 01:08:24
CCI_bear_strategy,482,210,272,0.15821829430727563,20,-80,60,,300,"(0.2, 0.5)",2020-12-22 01:22:05
CCI_bear_strategy,427,201,226,0.15774813026113987,20,-100,155,,300,"(0.2, 0.5)",2020-12-22 00:48:35
CCI_bear_strategy,350,164,186,0.1558331583809376,20,-130,165,,300,"(0.2, 0.5)",2020-12-21 23:56:23
CCI_bear_strategy,484,210,274,0.1555210574268493,20,-80,50,,300,"(0.2, 0.5)",2020-12-22 01:21:24
CCI_bear_strategy,317,148,169,0.15527117120044398,20,-145,180,,300,"(0.2, 0.5)",2020-12-21 19:48:32
CCI_bear_strategy,447,215,232,0.15510330862528265,20,-75,190,,300,"(0.2, 0.5)",2020-12-22 01:41:11
CCI_bear_strategy,358,163,195,0.15416231290674154,20,-130,120,,300,"(0.2, 0.5)",2020-12-21 23:53:58
CCI_bear_strategy,357,150,207,0.15332185448609506,20,-140,70,,300,"(0.2, 0.5)",2020-12-21 19:50:51
CCI_bear_strategy,432,201,231,0.15293208984927698,20,-100,135,,300,"(0.2, 0.5)",2020-12-22 00:47:21
CCI_bear_strategy,341,161,180,0.15285182702831945,20,-135,195,,300,"(0.2, 0.5)",2020-12-21 23:49:49
CCI_bear_strategy,320,148,172,0.15065545462673202,20,-145,155,,300,"(0.2, 0.5)",2020-12-21 19:47:14
CCI_bear_strategy,457,206,251,0.14977165866023712,20,-80,135,,300,"(0.2, 0.5)",2020-12-22 01:27:07
CCI_bear_strategy,453,217,236,0.14847507652758418,20,-75,165,,300,"(0.2, 0.5)",2020-12-22 01:39:31
CCI_bear_strategy,324,151,173,0.148453838985513,20,-145,140,,300,"(0.2, 0.5)",2020-12-21 19:46:29
CCI_bear_strategy,237,110,127,0.14827366197657765,20,-195,200,,300,"(0.2, 0.5)",2020-12-21 01:32:03
CCI_bear_strategy,351,164,187,0.1474935928973513,20,-130,155,,300,"(0.2, 0.5)",2020-12-21 23:55:51
CCI_bear_strategy,237,111,126,0.14651108811935853,20,-185,200,,300,"(0.2, 0.5)",2020-12-21 12:45:44
CCI_bear_strategy,351,164,187,0.14650961728688827,20,-130,150,,300,"(0.2, 0.5)",2020-12-21 23:55:34
CCI_bear_strategy,459,197,262,0.14647326395251414,20,-55,175,,300,"(0.2, 0.5)",2020-12-22 02:23:18
CCI_bear_strategy,705,234,471,0.1461208758800414,20,-170,75,,300,"(0.2, 0.5)",2020-12-21 13:14:06
CCI_bear_strategy,390,185,205,0.14568237174078735,20,-115,160,,300,"(0.2, 0.5)",2020-12-22 00:21:30
CCI_bear_strategy,448,216,232,0.1454837290019817,20,-75,185,,300,"(0.2, 0.5)",2020-12-22 01:40:51
CCI_bear_strategy,306,137,169,0.14272484249963502,20,-150,200,,300,"(0.2, 0.5)",2020-12-21 19:41:41
CCI_bear_strategy,369,157,212,0.14230448009904206,20,-135,60,,300,"(0.2, 0.5)",2020-12-21 19:58:44
CCI_bear_strategy,459,219,240,0.14171156776063443,20,-75,145,,300,"(0.2, 0.5)",2020-12-22 01:38:11
CCI_bear_strategy,392,184,208,0.1415548367235735,20,-115,135,,300,"(0.2, 0.5)",2020-12-22 00:20:04
CCI_bear_strategy,493,217,276,0.14132148433238,20,-75,50,,300,"(0.2, 0.5)",2020-12-22 01:31:47
CCI_bear_strategy,392,184,208,0.14117560012147923,20,-115,140,,300,"(0.2, 0.5)",2020-12-22 00:20:21
CCI_bear_strategy,237,110,127,0.1404976931644517,20,-190,200,,300,"(0.2, 0.5)",2020-12-21 12:31:52
CCI_bear_strategy,429,200,229,0.1387567824168625,20,-100,150,,300,"(0.2, 0.5)",2020-12-22 00:48:16
CCI_bear_strategy,320,147,173,0.13814810074272454,20,-145,160,,300,"(0.2, 0.5)",2020-12-21 19:47:30
CCI_bear_strategy,708,243,465,0.13771076857527365,20,-150,80,,300,"(0.2, 0.5)",2020-12-21 14:03:07
CCI_bear_strategy,386,187,199,0.13712650991390163,20,-115,180,,300,"(0.2, 0.5)",2020-12-22 00:22:40
CCI_bear_strategy,688,238,450,0.13681340946924547,20,-160,50,,300,"(0.2, 0.5)",2020-12-21 13:36:34
CCI_bear_strategy,394,185,209,0.13673788809554677,20,-115,130,,300,"(0.2, 0.5)",2020-12-22 00:19:47
CCI_bear_strategy,343,164,179,0.1366879836834023,20,-130,200,,300,"(0.2, 0.5)",2020-12-21 23:58:12
CCI_bear_strategy,484,199,285,0.13552742288391717,20,-55,110,,300,"(0.2, 0.5)",2020-12-22 02:18:42
CCI_bear_strategy,427,201,226,0.13541392593040946,20,-100,160,,300,"(0.2, 0.5)",2020-12-22 00:48:53
CCI_bear_strategy,341,161,180,0.1347896826771966,20,-135,200,,300,"(0.2, 0.5)",2020-12-21 23:50:04
CCI_bear_strategy,459,205,254,0.13437178079782042,20,-80,130,,300,"(0.2, 0.5)",2020-12-22 01:26:47
CCI_bear_strategy,480,209,271,0.1343357637243059,20,-80,70,,300,"(0.2, 0.5)",2020-12-22 01:22:45
CCI_bear_strategy,331,150,181,0.1318077708179044,20,-145,105,,300,"(0.2, 0.5)",2020-12-21 19:44:43
CCI_bear_strategy,237,115,122,0.13164777241708706,20,-160,200,,300,"(0.2, 0.5)",2020-12-21 13:48:20
CCI_bear_strategy,353,163,190,0.1314448706140403,20,-130,145,,300,"(0.2, 0.5)",2020-12-21 23:55:18
CCI_bear_strategy,384,186,198,0.13140671136742288,20,-115,185,,300,"(0.2, 0.5)",2020-12-22 00:22:58
CCI_bear_strategy,688,237,451,0.13063638146738588,20,-170,50,,300,"(0.2, 0.5)",2020-12-21 13:11:59
CCI_bear_strategy,392,184,208,0.1294607848112337,20,-115,145,,300,"(0.2, 0.5)",2020-12-22 00:20:38
CCI_bear_strategy,345,159,186,0.12897453332216635,20,-135,175,,300,"(0.2, 0.5)",2020-12-21 23:48:45
CCI_bear_strategy,479,208,271,0.12818077287365925,20,-85,50,,300,"(0.2, 0.5)",2020-12-22 01:11:18
CCI_bear_strategy,443,204,239,0.12785916600364544,20,-80,195,,300,"(0.2, 0.5)",2020-12-22 01:31:07
CCI_bear_strategy,708,240,468,0.12718519402857156,20,-155,80,,300,"(0.2, 0.5)",2020-12-21 13:51:15
CCI_bear_strategy,712,239,473,0.12690454519601713,20,-160,85,,300,"(0.2, 0.5)",2020-12-21 13:39:33
CCI_bear_strategy,444,206,238,0.12684108730071797,20,-80,190,,300,"(0.2, 0.5)",2020-12-22 01:30:47
CCI_bear_strategy,459,198,261,0.12628036382759267,20,-55,180,,300,"(0.2, 0.5)",2020-12-22 02:23:39
CCI_bear_strategy,698,235,463,0.12530182363243725,20,-165,55,,300,"(0.2, 0.5)",2020-12-21 13:24:44
CCI_bear_strategy,450,205,245,0.12459107396929703,20,-80,160,,300,"(0.2, 0.5)",2020-12-22 01:28:47
CCI_bear_strategy,250,116,134,0.124505487882123,20,-190,195,,300,"(0.2, 0.5)",2020-12-21 12:31:36
CCI_bear_strategy,357,158,199,0.12416217958922493,20,-135,115,,300,"(0.2, 0.5)",2020-12-21 20:02:00
CCI_bear_strategy,308,139,169,0.12376906830033985,20,-150,180,,300,"(0.2, 0.5)",2020-12-21 19:40:41
CCI_bear_strategy,705,228,477,0.1225288475927877,20,-185,75,,300,"(0.2, 0.5)",2020-12-21 12:34:31
CCI_bear_strategy,389,183,206,0.12170712071849699,20,-115,165,,300,"(0.2, 0.5)",2020-12-22 00:21:47
CCI_bear_strategy,454,196,258,0.12136260066666349,20,-55,200,,300,"(0.2, 0.5)",2020-12-22 02:25:02
CCI_bear_strategy,487,198,289,0.12109770959073285,20,-55,105,,300,"(0.2, 0.5)",2020-12-22 02:18:20
CCI_bear_strategy,319,147,172,0.12109449239028748,20,-145,165,,300,"(0.2, 0.5)",2020-12-21 19:47:46
CCI_bear_strategy,319,147,172,0.1204726401698264,20,-145,170,,300,"(0.2, 0.5)",2020-12-21 19:48:01
CCI_bear_strategy,321,148,173,0.12026797285074943,20,-145,150,,300,"(0.2, 0.5)",2020-12-21 19:46:59
CCI_bear_strategy,334,147,187,0.12007239385198255,20,-145,90,,300,"(0.2, 0.5)",2020-12-21 19:43:58
CCI_bear_strategy,457,206,251,0.11959813077414294,20,-80,140,,300,"(0.2, 0.5)",2020-12-22 01:27:27
CCI_bear_strategy,492,217,275,0.11891448865634868,20,-75,55,,300,"(0.2, 0.5)",2020-12-22 01:32:08
CCI_bear_strategy,237,115,122,0.11874774679313993,20,-155,200,,300,"(0.2, 0.5)",2020-12-21 14:00:15
CCI_bear_strategy,308,139,169,0.11834404382762598,20,-150,185,,300,"(0.2, 0.5)",2020-12-21 19:40:56
CCI_bear_strategy,688,240,448,0.11771864891157267,20,-180,50,,300,"(0.2, 0.5)",2020-12-21 12:46:10
CCI_bear_strategy,698,234,464,0.1173386150605258,20,-170,55,,300,"(0.2, 0.5)",2020-12-21 13:12:23
CCI_bear_strategy,484,199,285,0.11547895073318148,20,-55,115,,300,"(0.2, 0.5)",2020-12-22 02:19:03
CCI_bear_strategy,708,236,472,0.11509518709786515,20,-170,80,,300,"(0.2, 0.5)",2020-12-21 13:14:34
CCI_bear_strategy,312,139,173,0.11503651898925815,20,-150,160,,300,"(0.2, 0.5)",2020-12-21 19:39:40
CCI_bear_strategy,330,150,180,0.11476684634248445,20,-145,110,,300,"(0.2, 0.5)",2020-12-21 19:44:57
CCI_bear_strategy,345,158,187,0.11433490563029425,20,-135,180,,300,"(0.2, 0.5)",2020-12-21 23:49:01
CCI_bear_strategy,337,147,190,0.11389528133347147,20,-145,80,,300,"(0.2, 0.5)",2020-12-21 19:43:29
CCI_bear_strategy,705,235,470,0.11343201578563168,20,-160,75,,300,"(0.2, 0.5)",2020-12-21 13:38:40
CCI_bear_strategy,457,196,261,0.11244969243532532,20,-55,195,,300,"(0.2, 0.5)",2020-12-22 02:24:41
CCI_bear_strategy,474,205,269,0.11172314897786673,20,-85,60,,300,"(0.2, 0.5)",2020-12-22 01:11:57
CCI_bear_strategy,688,235,453,0.11133614844500506,20,-190,50,,300,"(0.2, 0.5)",2020-12-21 01:32:28
CCI_bear_strategy,708,230,478,0.11060937441820397,20,-185,80,,300,"(0.2, 0.5)",2020-12-21 12:34:59
CCI_bear_strategy,320,141,179,0.1101270450834535,20,-150,110,,300,"(0.2, 0.5)",2020-12-21 19:37:10
CCI_bear_strategy,250,117,133,0.1096326243494148,20,-185,195,,300,"(0.2, 0.5)",2020-12-21 12:45:28
CCI_bear_strategy,427,201,226,0.10918782718697417,20,-100,165,,300,"(0.2, 0.5)",2020-12-22 00:49:11
CCI_bear_strategy,329,148,181,0.10877290399878614,20,-145,120,,300,"(0.2, 0.5)",2020-12-21 19:45:27
CCI_bear_strategy,688,234,454,0.10873846130220556,20,-175,50,,300,"(0.2, 0.5)",2020-12-21 12:58:59
CCI_bear_strategy,472,204,268,0.10766961995677082,20,-85,70,,300,"(0.2, 0.5)",2020-12-22 01:12:36
CCI_bear_strategy,237,107,130,0.10714656378988964,20,-200,200,,300,"(0.2, 0.5)",2020-12-21 01:19:33
CCI_bear_strategy,250,116,134,0.1055989559435917,20,-195,195,,300,"(0.2, 0.5)",2020-12-21 01:31:48
CCI_bear_strategy,705,221,484,0.10500517456076787,20,-200,75,,300,"(0.2, 0.5)",2020-12-21 01:09:28
CCI_bear_strategy,688,238,450,0.10402632959868474,20,-185,50,,300,"(0.2, 0.5)",2020-12-21 12:32:18
CCI_bear_strategy,456,207,249,0.10358163619040761,20,-80,145,,300,"(0.2, 0.5)",2020-12-22 01:27:47
CCI_bear_strategy,708,239,469,0.1033891924197652,20,-165,80,,300,"(0.2, 0.5)",2020-12-21 13:26:54
CCI_bear_strategy,708,225,483,0.10323639159082587,20,-200,80,,300,"(0.2, 0.5)",2020-12-21 01:09:57
CCI_bear_strategy,705,228,477,0.10282390744548953,20,-190,75,,300,"(0.2, 0.5)",2020-12-21 01:34:36
CCI_bear_strategy,250,123,127,0.102748163724929,20,-155,195,,300,"(0.2, 0.5)",2020-12-21 14:00:01
CCI_bear_strategy,327,148,179,0.10234983517357032,20,-145,130,,300,"(0.2, 0.5)",2020-12-21 19:45:59
CCI_bear_strategy,344,157,187,0.10165590353150455,20,-135,185,,300,"(0.2, 0.5)",2020-12-21 23:49:17
CCI_bear_strategy,473,205,268,0.10128557169428487,20,-85,65,,300,"(0.2, 0.5)",2020-12-22 01:12:17
CCI_bear_strategy,336,146,190,0.1010161532203746,20,-145,85,,300,"(0.2, 0.5)",2020-12-21 19:43:44
CCI_bear_strategy,458,196,262,0.09918490928964219,20,-55,190,,300,"(0.2, 0.5)",2020-12-22 02:24:21
CCI_bear_strategy,326,149,177,0.09918336740877387,20,-145,135,,300,"(0.2, 0.5)",2020-12-21 19:46:14
CCI_bear_strategy,424,199,225,0.09916458208890755,20,-100,185,,300,"(0.2, 0.5)",2020-12-22 00:50:25
CCI_bear_strategy,237,113,124,0.09813904118547967,20,-170,200,,300,"(0.2, 0.5)",2020-12-21 13:23:56
CCI_bear_strategy,359,152,207,0.09803087925804888,20,-140,65,,300,"(0.2, 0.5)",2020-12-21 19:50:35
CCI_bear_strategy,453,217,236,0.09800123927657944,20,-75,170,,300,"(0.2, 0.5)",2020-12-22 01:39:51
CCI_bear_strategy,350,158,192,0.09750443330892478,20,-135,145,,300,"(0.2, 0.5)",2020-12-21 20:03:50
CCI_bear_strategy,459,198,261,0.09747534250071,20,-55,185,,300,"(0.2, 0.5)",2020-12-22 02:24:00
CCI_bear_strategy,392,184,208,0.09671890944178774,20,-115,150,,300,"(0.2, 0.5)",2020-12-22 00:20:56
CCI_bear_strategy,705,235,470,0.09645070654582533,20,-175,75,,300,"(0.2, 0.5)",2020-12-21 13:01:14
CCI_bear_strategy,316,140,176,0.09531137734129902,20,-150,145,,300,"(0.2, 0.5)",2020-12-21 19:38:55
CCI_bear_strategy,347,157,190,0.09522169692730653,20,-135,165,,300,"(0.2, 0.5)",2020-12-21 23:48:13
CCI_bear_strategy,424,200,224,0.09474441957300472,20,-100,190,,300,"(0.2, 0.5)",2020-12-22 00:50:44
CCI_bear_strategy,705,223,482,0.09337129723984527,20,-195,75,,300,"(0.2, 0.5)",2020-12-21 01:22:07
CCI_bear_strategy,237,109,128,0.09330646948522103,20,-180,200,,300,"(0.2, 0.5)",2020-12-21 12:58:34
CCI_bear_strategy,467,206,261,0.09322426954575369,20,-85,85,,300,"(0.2, 0.5)",2020-12-22 01:13:35
CCI_bear_strategy,357,157,200,0.09255817372053032,20,-135,120,,300,"(0.2, 0.5)",2020-12-21 20:02:18
CCI_bear_strategy,250,117,133,0.09215755686562654,20,-180,195,,300,"(0.2, 0.5)",2020-12-21 12:58:18
CCI_bear_strategy,698,234,464,0.09112598294147922,20,-160,55,,300,"(0.2, 0.5)",2020-12-21 13:36:58
CCI_bear_strategy,237,114,123,0.09070899019058733,20,-165,200,,300,"(0.2, 0.5)",2020-12-21 13:36:10
CCI_bear_strategy,340,144,196,0.09033009362218423,20,-145,75,,300,"(0.2, 0.5)",2020-12-21 19:43:13
CCI_bear_strategy,313,139,174,0.08902990158202906,20,-150,155,,300,"(0.2, 0.5)",2020-12-21 19:39:25
CCI_bear_strategy,319,141,178,0.08867373006901302,20,-150,115,,300,"(0.2, 0.5)",2020-12-21 19:37:25
CCI_bear_strategy,318,139,179,0.08833430629815298,20,-150,125,,300,"(0.2, 0.5)",2020-12-21 19:37:55
CCI_bear_strategy,323,149,174,0.08803126796654892,20,-145,145,,300,"(0.2, 0.5)",2020-12-21 19:46:44
CCI_bear_strategy,712,240,472,0.08691213465467773,20,-155,85,,300,"(0.2, 0.5)",2020-12-21 13:51:41
CCI_bear_strategy,356,157,199,0.08663690765613907,20,-135,125,,300,"(0.2, 0.5)",2020-12-21 20:02:36
CCI_bear_strategy,449,215,234,0.08620175746303915,20,-75,180,,300,"(0.2, 0.5)",2020-12-22 01:40:31
CCI_bear_strategy,698,235,463,0.08569188360724023,20,-185,55,,300,"(0.2, 0.5)",2020-12-21 12:32:44
CCI_bear_strategy,310,138,172,0.08552302033806458,20,-150,170,,300,"(0.2, 0.5)",2020-12-21 19:40:11
CCI_bear_strategy,712,240,472,0.08539304069202824,20,-165,85,,300,"(0.2, 0.5)",2020-12-21 13:27:20
CCI_bear_strategy,708,229,479,0.08487687039294099,20,-190,80,,300,"(0.2, 0.5)",2020-12-21 01:35:03
CCI_bear_strategy,310,138,172,0.08465781423738816,20,-150,175,,300,"(0.2, 0.5)",2020-12-21 19:40:26
CCI_bear_strategy,698,232,466,0.08439688078615347,20,-180,55,,300,"(0.2, 0.5)",2020-12-21 12:46:36
CCI_bear_strategy,330,150,180,0.0840876791445555,20,-145,115,,300,"(0.2, 0.5)",2020-12-21 19:45:12
CCI_bear_strategy,705,240,465,0.08382974618827288,20,-150,75,,300,"(0.2, 0.5)",2020-12-21 14:02:42
CCI_bear_strategy,465,207,258,0.08312593978476657,20,-85,90,,300,"(0.2, 0.5)",2020-12-22 01:13:54
CCI_bear_strategy,329,147,182,0.08270367850477389,20,-145,125,,300,"(0.2, 0.5)",2020-12-21 19:45:43
CCI_bear_strategy,355,159,196,0.08195864110194617,20,-135,130,,300,"(0.2, 0.5)",2020-12-21 20:02:55
CCI_bear_strategy,250,121,129,0.08173030538049852,20,-160,195,,300,"(0.2, 0.5)",2020-12-21 13:48:06
CCI_bear_strategy,237,110,127,0.08157870283791135,20,-175,200,,300,"(0.2, 0.5)",2020-12-21 13:11:35
CCI_bear_strategy,449,203,246,0.08102724820158769,20,-80,165,,300,"(0.2, 0.5)",2020-12-22 01:29:07
CCI_bear_strategy,312,138,174,0.08085178109526159,20,-150,165,,300,"(0.2, 0.5)",2020-12-21 19:39:56
CCI_bear_strategy,452,203,249,0.0795567080155477,20,-80,155,,300,"(0.2, 0.5)",2020-12-22 01:28:27
CCI_bear_strategy,348,157,191,0.07924238860314503,20,-135,160,,300,"(0.2, 0.5)",2020-12-21 23:47:57
CCI_bear_strategy,483,199,284,0.0779526573148912,20,-55,120,,300,"(0.2, 0.5)",2020-12-22 02:19:25
CCI_bear_strategy,348,157,191,0.07764377523376975,20,-135,155,,300,"(0.2, 0.5)",2020-12-21 20:04:29
CCI_bear_strategy,453,215,238,0.0771995784358972,20,-75,175,,300,"(0.2, 0.5)",2020-12-22 01:40:11
CCI_bear_strategy,449,203,246,0.07688096977815806,20,-80,170,,300,"(0.2, 0.5)",2020-12-22 01:29:27
CCI_bear_strategy,470,207,263,0.07471134009164326,20,-85,80,,300,"(0.2, 0.5)",2020-12-22 01:13:15
CCI_bear_strategy,698,231,467,0.07350456159382524,20,-190,55,,300,"(0.2, 0.5)",2020-12-21 01:32:53
CCI_bear_strategy,472,205,267,0.07346134169496321,20,-85,75,,300,"(0.2, 0.5)",2020-12-22 01:12:56
CCI_bear_strategy,705,237,468,0.07319746642606773,20,-155,75,,300,"(0.2, 0.5)",2020-12-21 13:50:49
CCI_bear_strategy,425,200,225,0.07303889286165921,20,-100,180,,300,"(0.2, 0.5)",2020-12-22 00:50:07
CCI_bear_strategy,250,113,137,0.07230646931590945,20,-200,195,,300,"(0.2, 0.5)",2020-12-21 01:19:17
CCI_bear_strategy,362,153,209,0.07133802271876744,20,-140,60,,300,"(0.2, 0.5)",2020-12-21 19:50:19
CCI_bear_strategy,445,205,240,0.07065271383559746,20,-80,185,,300,"(0.2, 0.5)",2020-12-22 01:30:27
CCI_bear_strategy,423,201,222,0.07044508378419745,20,-100,200,,300,"(0.2, 0.5)",2020-12-22 00:51:21
CCI_bear_strategy,250,120,130,0.06946616810306905,20,-165,195,,300,"(0.2, 0.5)",2020-12-21 13:35:55
CCI_bear_strategy,351,158,193,0.06852060862697272,20,-135,140,,300,"(0.2, 0.5)",2020-12-21 20:03:31
CCI_bear_strategy,668,221,447,0.06828922980095631,20,-170,110,,300,"(0.2, 0.5)",2020-12-21 13:17:22
CCI_bear_strategy,318,138,180,0.06676338330458398,20,-150,135,,300,"(0.2, 0.5)",2020-12-21 19:38:25
CCI_bear_strategy,353,158,195,0.06571442864943222,20,-135,135,,300,"(0.2, 0.5)",2020-12-21 20:03:13
CCI_bear_strategy,448,204,244,0.06526085963758899,20,-80,180,,300,"(0.2, 0.5)",2020-12-22 01:30:07
CCI_bear_strategy,712,244,468,0.06512935806937525,20,-150,85,,300,"(0.2, 0.5)",2020-12-21 14:03:33
CCI_bear_strategy,347,157,190,0.06456513904975458,20,-135,170,,300,"(0.2, 0.5)",2020-12-21 23:48:29
CCI_bear_strategy,319,141,178,0.0643982725374761,20,-150,120,,300,"(0.2, 0.5)",2020-12-21 19:37:40
CCI_bear_strategy,350,156,194,0.06428600954391661,20,-135,150,,300,"(0.2, 0.5)",2020-12-21 20:04:10
CCI_bear_strategy,705,230,475,0.06357112968733025,20,-180,75,,300,"(0.2, 0.5)",2020-12-21 12:48:23
CCI_bear_strategy,424,200,224,0.06302642487627219,20,-100,195,,300,"(0.2, 0.5)",2020-12-22 00:51:02
CCI_bear_strategy,708,236,472,0.06243512958424646,20,-175,80,,300,"(0.2, 0.5)",2020-12-21 13:01:42
CCI_bear_strategy,250,118,132,0.061427464188041674,20,-170,195,,300,"(0.2, 0.5)",2020-12-21 13:23:41
CCI_bear_strategy,426,199,227,0.060917221168493185,20,-100,175,,300,"(0.2, 0.5)",2020-12-22 00:49:48
CCI_bear_strategy,426,199,227,0.06079567018081655,20,-100,170,,300,"(0.2, 0.5)",2020-12-22 00:49:30
CCI_bear_strategy,449,204,245,0.05777838519449752,20,-80,175,,300,"(0.2, 0.5)",2020-12-22 01:29:47
CCI_bear_strategy,318,137,181,0.05739274020695029,20,-150,130,,300,"(0.2, 0.5)",2020-12-21 19:38:10
CCI_bear_strategy,716,236,480,0.05624533422117528,20,-160,90,,300,"(0.2, 0.5)",2020-12-21 13:40:00
CCI_bear_strategy,688,228,460,0.05531154198637367,20,-200,50,,300,"(0.2, 0.5)",2020-12-21 01:05:55
CCI_bear_strategy,708,227,481,0.05397923486480627,20,-195,80,,300,"(0.2, 0.5)",2020-12-21 01:22:34
CCI_bear_strategy,668,223,445,0.04995463946603152,20,-165,110,,300,"(0.2, 0.5)",2020-12-21 13:29:37
CCI_bear_strategy,704,229,475,0.049872673854156835,20,-160,95,,300,"(0.2, 0.5)",2020-12-21 13:40:27
CCI_bear_strategy,250,116,134,0.04927213752294235,20,-175,195,,300,"(0.2, 0.5)",2020-12-21 13:11:20
CCI_bear_strategy,318,138,180,0.04909533224733753,20,-150,140,,300,"(0.2, 0.5)",2020-12-21 19:38:40
CCI_bear_strategy,708,232,476,0.04852368908585447,20,-180,80,,300,"(0.2, 0.5)",2020-12-21 12:48:52
CCI_bear_strategy,364,155,209,0.04782362478995728,20,-140,55,,300,"(0.2, 0.5)",2020-12-21 19:50:03
CCI_bear_strategy,688,231,457,0.047664864662820834,20,-195,50,,300,"(0.2, 0.5)",2020-12-21 01:19:57
CCI_bear_strategy,457,204,253,0.04703533153130168,20,-85,115,,300,"(0.2, 0.5)",2020-12-22 01:15:32
CCI_bear_strategy,698,230,468,0.04249928368981215,20,-175,55,,300,"(0.2, 0.5)",2020-12-21 12:59:24
CCI_bear_strategy,463,196,267,0.04172743668414447,20,-55,165,,300,"(0.2, 0.5)",2020-12-22 02:22:36
CCI_bear_strategy,709,232,477,0.04170285773259685,20,-165,70,,300,"(0.2, 0.5)",2020-12-21 13:26:01
CCI_bear_strategy,315,139,176,0.03978493980836073,20,-150,150,,300,"(0.2, 0.5)",2020-12-21 19:39:10
CCI_bear_strategy,477,205,272,0.03948709824999064,20,-85,55,,300,"(0.2, 0.5)",2020-12-22 01:11:38
CCI_bear_strategy,374,157,217,0.03901475553943423,20,-135,55,,300,"(0.2, 0.5)",2020-12-21 19:58:27
CCI_bear_strategy,704,228,476,0.03771966078731026,20,-165,95,,300,"(0.2, 0.5)",2020-12-21 13:28:15
CCI_bear_strategy,454,204,250,0.036645651157513504,20,-80,150,,300,"(0.2, 0.5)",2020-12-22 01:28:07
CCI_bear_strategy,462,206,256,0.03600521644221821,20,-85,95,,300,"(0.2, 0.5)",2020-12-22 01:14:14
CCI_bear_strategy,342,145,197,0.035972568784039316,20,-145,70,,300,"(0.2, 0.5)",2020-12-21 19:42:58
CCI_bear_strategy,458,204,254,0.03468131722829648,20,-85,110,,300,"(0.2, 0.5)",2020-12-22 01:15:13
CCI_bear_strategy,714,237,477,0.03132207229915629,20,-165,60,,300,"(0.2, 0.5)",2020-12-21 13:25:09
CCI_bear_strategy,712,236,476,0.031213886758913345,20,-170,85,,300,"(0.2, 0.5)",2020-12-21 13:15:01
CCI_bear_strategy,716,235,481,0.030179644170669432,20,-165,90,,300,"(0.2, 0.5)",2020-12-21 13:27:48
CCI_bear_strategy,476,195,281,0.02965870525376535,20,-55,135,,300,"(0.2, 0.5)",2020-12-22 02:20:29
CCI_bear_strategy,623,216,407,0.029550419241152207,20,-170,120,,300,"(0.2, 0.5)",2020-12-21 13:18:17
CCI_bear_strategy,668,223,445,0.02894825077548635,20,-160,110,,300,"(0.2, 0.5)",2020-12-21 13:41:49
CCI_bear_strategy,366,157,209,0.02747338275422395,20,-140,50,,300,"(0.2, 0.5)",2020-12-21 19:49:48
CCI_bear_strategy,714,236,478,0.027304231264554613,20,-170,60,,300,"(0.2, 0.5)",2020-12-21 13:12:48
CCI_bear_strategy,698,222,476,0.02443807843209944,20,-200,55,,300,"(0.2, 0.5)",2020-12-21 01:06:21
CCI_bear_strategy,623,216,407,0.023428922673976785,20,-175,120,,300,"(0.2, 0.5)",2020-12-21 13:05:39
CCI_bear_strategy,709,230,479,0.02327690941275317,20,-170,70,,300,"(0.2, 0.5)",2020-12-21 13:13:39
CCI_bear_strategy,704,228,476,0.02324177650325021,20,-170,95,,300,"(0.2, 0.5)",2020-12-21 13:15:57
CCI_bear_strategy,479,195,284,0.022589766691528457,20,-55,125,,300,"(0.2, 0.5)",2020-12-22 02:19:46
CCI_bear_strategy,698,227,471,0.02205079511530661,20,-195,55,,300,"(0.2, 0.5)",2020-12-21 01:20:22
CCI_bear_strategy,688,238,450,0.021116646138662258,20,-155,50,,300,"(0.2, 0.5)",2020-12-21 13:48:44
CCI_bear_strategy,668,225,443,0.019521490917862927,20,-155,110,,300,"(0.2, 0.5)",2020-12-21 13:53:55
CCI_bear_strategy,376,159,217,0.018711521337817727,20,-135,50,,300,"(0.2, 0.5)",2020-12-21 19:58:10
CCI_bear_strategy,459,203,256,0.018396944436558815,20,-85,105,,300,"(0.2, 0.5)",2020-12-22 01:14:53
CCI_bear_strategy,264,126,138,0.01716413589793997,20,-160,190,,300,"(0.2, 0.5)",2020-12-21 13:47:50
CCI_bear_strategy,668,221,447,0.01563202612320547,20,-185,110,,300,"(0.2, 0.5)",2020-12-21 12:37:48
CCI_bear_strategy,623,219,404,0.01419999084911461,20,-155,120,,300,"(0.2, 0.5)",2020-12-21 13:54:48
CCI_bear_strategy,457,202,255,0.0133853149343226,20,-85,120,,300,"(0.2, 0.5)",2020-12-22 01:15:52
CCI_bear_strategy,647,217,430,0.01331440882282875,20,-170,115,,300,"(0.2, 0.5)",2020-12-21 13:17:50
CCI_bear_strategy,716,234,482,0.012662710880743777,20,-170,90,,300,"(0.2, 0.5)",2020-12-21 13:15:29
CCI_bear_strategy,455,204,251,0.01259663476823003,20,-85,125,,300,"(0.2, 0.5)",2020-12-22 01:16:11
CCI_bear_strategy,712,228,484,0.011488597471441377,20,-190,85,,300,"(0.2, 0.5)",2020-12-21 01:35:30
CCI_bear_strategy,462,205,257,0.009234995716010719,20,-85,100,,300,"(0.2, 0.5)",2020-12-22 01:14:34
CCI_bear_strategy,712,223,489,0.007311472241309458,20,-200,85,,300,"(0.2, 0.5)",2020-12-21 01:10:25
CCI_bear_strategy,623,217,406,0.006455529100724443,20,-165,120,,300,"(0.2, 0.5)",2020-12-21 13:30:32
CCI_bear_strategy,716,236,480,0.006414776743051798,20,-155,90,,300,"(0.2, 0.5)",2020-12-21 13:52:08
CCI_bear_strategy,264,125,139,0.006277022766206343,20,-155,190,,300,"(0.2, 0.5)",2020-12-21 13:59:46
CCI_bear_strategy,709,226,483,0.006117750262016442,20,-185,70,,300,"(0.2, 0.5)",2020-12-21 12:34:04
CCI_bear_strategy,401,174,227,0.005825585471042283,20,-155,160,,300,"(0.2, 0.5)",2020-12-21 13:57:59
CCI_bear_strategy,716,240,476,0.004372425002795444,20,-150,90,,300,"(0.2, 0.5)",2020-12-21 14:04:00
CCI_bear_strategy,712,230,482,0.004239866133597392,20,-185,85,,300,"(0.2, 0.5)",2020-12-21 12:35:26
CCI_bear_strategy,623,216,407,0.003925860093399569,20,-160,120,,300,"(0.2, 0.5)",2020-12-21 13:42:43
CCI_bear_strategy,479,194,285,0.00347802910289019,20,-55,130,,300,"(0.2, 0.5)",2020-12-22 02:20:08
CCI_bear_strategy,689,224,465,0.002925312133844393,20,-165,100,,300,"(0.2, 0.5)",2020-12-21 13:28:42
CCI_bear_strategy,709,221,488,0.0027241806262299213,20,-200,70,,300,"(0.2, 0.5)",2020-12-21 01:09:01
CCI_bear_strategy,709,231,478,0.002433984862844296,20,-160,70,,300,"(0.2, 0.5)",2020-12-21 13:38:14
CCI_bear_strategy,264,119,145,0.0021863226381386713,20,-190,190,,300,"(0.2, 0.5)",2020-12-21 12:31:19
CCI_bear_strategy,689,223,466,0.0010127982592853524,20,-160,100,,300,"(0.2, 0.5)",2020-12-21 13:40:55
CCI_bear_strategy,712,226,486,0.0009574923582937877,20,-195,85,,300,"(0.2, 0.5)",2020-12-21 01:23:02
CCI_bear_strategy,714,232,482,0.0004045305081064043,20,-180,60,,300,"(0.2, 0.5)",2020-12-21 12:47:02
CCI_bear_strategy,472,194,278,-8.044831350917381e-05,20,-55,145,,300,"(0.2, 0.5)",2020-12-22 02:21:12
CCI_bear_strategy,719,235,484,-0.00030259159862822127,20,-160,65,,300,"(0.2, 0.5)",2020-12-21 13:37:49
CCI_bear_strategy,719,234,485,-0.0007957574464230178,20,-165,65,,300,"(0.2, 0.5)",2020-12-21 13:25:35
CCI_bear_strategy,668,218,450,-0.0019181819559799247,20,-190,110,,300,"(0.2, 0.5)",2020-12-21 01:37:49
CCI_bear_strategy,704,228,476,-0.0025579111924488585,20,-155,95,,300,"(0.2, 0.5)",2020-12-21 13:52:35
CCI_bear_strategy,668,222,446,-0.002566901676830824,20,-175,110,,300,"(0.2, 0.5)",2020-12-21 13:04:40
CCI_bear_strategy,714,231,483,-0.0031572537641314517,20,-185,60,,300,"(0.2, 0.5)",2020-12-21 12:33:10
CCI_bear_strategy,688,243,445,-0.003471347354127352,20,-150,50,,300,"(0.2, 0.5)",2020-12-21 14:00:39
CCI_bear_strategy,623,219,404,-0.00377835437196139,20,-185,120,,300,"(0.2, 0.5)",2020-12-21 12:38:46
CCI_bear_strategy,470,194,276,-0.005116240249571025,20,-55,155,,300,"(0.2, 0.5)",2020-12-22 02:21:54
CCI_bear_strategy,719,231,488,-0.005398246180655208,20,-170,65,,300,"(0.2, 0.5)",2020-12-21 13:13:14
CCI_bear_strategy,709,227,482,-0.0056466100146354,20,-180,70,,300,"(0.2, 0.5)",2020-12-21 12:47:56
CCI_bear_strategy,712,235,477,-0.005931725964342771,20,-175,85,,300,"(0.2, 0.5)",2020-12-21 13:02:11
CCI_bear_strategy,462,195,267,-0.00640370359183251,20,-55,170,,300,"(0.2, 0.5)",2020-12-22 02:22:57
CCI_bear_strategy,309,142,167,-0.0068279772846674405,20,-160,180,,300,"(0.2, 0.5)",2020-12-21 13:47:17
CCI_bear_strategy,348,149,199,-0.006969405355445657,20,-145,55,,300,"(0.2, 0.5)",2020-12-21 19:42:11
CCI_bear_strategy,324,144,180,-0.007006539886053376,20,-160,175,,300,"(0.2, 0.5)",2020-12-21 13:46:59
CCI_bear_strategy,347,148,199,-0.007204012195874855,20,-145,60,,300,"(0.2, 0.5)",2020-12-21 19:42:26
CCI_bear_strategy,285,132,153,-0.008170135212948959,20,-160,185,,300,"(0.2, 0.5)",2020-12-21 13:47:34
CCI_bear_strategy,467,194,273,-0.00817386546403065,20,-55,160,,300,"(0.2, 0.5)",2020-12-22 02:22:15
CCI_bear_strategy,455,204,251,-0.008768872891533719,20,-85,130,,300,"(0.2, 0.5)",2020-12-22 01:16:31
CCI_bear_strategy,350,149,201,-0.009786466331004995,20,-145,50,,300,"(0.2, 0.5)",2020-12-21 19:41:56
CCI_bear_strategy,681,225,456,-0.010195086182052782,20,-165,105,,300,"(0.2, 0.5)",2020-12-21 13:29:10
CCI_bear_strategy,264,119,145,-0.010772644842723778,20,-185,190,,300,"(0.2, 0.5)",2020-12-21 12:45:11
CCI_bear_strategy,712,234,478,-0.010859417629969448,20,-180,85,,300,"(0.2, 0.5)",2020-12-21 12:49:20
CCI_bear_strategy,704,232,472,-0.011442600556689551,20,-150,95,,300,"(0.2, 0.5)",2020-12-21 14:04:27
CCI_bear_strategy,704,223,481,-0.01173227738611693,20,-190,95,,300,"(0.2, 0.5)",2020-12-21 01:36:26
CCI_bear_strategy,324,141,183,-0.012528349985907572,20,-185,175,,300,"(0.2, 0.5)",2020-12-21 12:44:16
CCI_bear_strategy,689,222,467,-0.014162743421567313,20,-170,100,,300,"(0.2, 0.5)",2020-12-21 13:16:26
CCI_bear_strategy,681,224,457,-0.014351029263161563,20,-160,105,,300,"(0.2, 0.5)",2020-12-21 13:41:22
CCI_bear_strategy,716,228,488,-0.014786681542802825,20,-190,90,,300,"(0.2, 0.5)",2020-12-21 01:35:58
CCI_bear_strategy,264,119,145,-0.015206202257905144,20,-195,190,,300,"(0.2, 0.5)",2020-12-21 01:31:32
CCI_bear_strategy,698,235,463,-0.01571468204298554,20,-155,55,,300,"(0.2, 0.5)",2020-12-21 13:49:09
CCI_bear_strategy,709,229,480,-0.01585712130361949,20,-175,70,,300,"(0.2, 0.5)",2020-12-21 13:00:45
CCI_bear_strategy,704,227,477,-0.016212243980877283,20,-175,95,,300,"(0.2, 0.5)",2020-12-21 13:03:11
CCI_bear_strategy,623,218,405,-0.01645115702516664,20,-180,120,,300,"(0.2, 0.5)",2020-12-21 12:52:39
CCI_bear_strategy,474,194,280,-0.016759882099909418,20,-55,140,,300,"(0.2, 0.5)",2020-12-22 02:20:51
CCI_bear_strategy,709,221,488,-0.016954415965251046,20,-195,70,,300,"(0.2, 0.5)",2020-12-21 01:21:40
CCI_bear_strategy,285,127,158,-0.01749879009361299,20,-190,185,,300,"(0.2, 0.5)",2020-12-21 12:31:02
CCI_bear_strategy,647,220,427,-0.0184230046068542,20,-160,115,,300,"(0.2, 0.5)",2020-12-21 13:42:16
CCI_bear_strategy,668,222,446,-0.0185154467405172,20,-180,110,,300,"(0.2, 0.5)",2020-12-21 12:51:42
CCI_bear_strategy,452,204,248,-0.019144567598214035,20,-85,140,,300,"(0.2, 0.5)",2020-12-22 01:17:10
CCI_bear_strategy,647,220,427,-0.0192006419869486,20,-165,115,,300,"(0.2, 0.5)",2020-12-21 13:30:04
CCI_bear_strategy,704,227,477,-0.019233871835212742,20,-180,95,,300,"(0.2, 0.5)",2020-12-21 12:50:17
CCI_bear_strategy,714,233,481,-0.01964861223284753,20,-175,60,,300,"(0.2, 0.5)",2020-12-21 12:59:49
CCI_bear_strategy,698,240,458,-0.01971616281401245,20,-150,55,,300,"(0.2, 0.5)",2020-12-21 14:01:03
CCI_bear_strategy,285,126,159,-0.020313775186281968,20,-185,185,,300,"(0.2, 0.5)",2020-12-21 12:44:54
CCI_bear_strategy,719,228,491,-0.02046809458259291,20,-185,65,,300,"(0.2, 0.5)",2020-12-21 12:33:37
CCI_bear_strategy,719,228,491,-0.021580580188758747,20,-190,65,,300,"(0.2, 0.5)",2020-12-21 01:33:44
CCI_bear_strategy,709,224,485,-0.021979821957860968,20,-190,70,,300,"(0.2, 0.5)",2020-12-21 01:34:10
CCI_bear_strategy,597,207,390,-0.022666832809841164,20,-170,125,,300,"(0.2, 0.5)",2020-12-21 13:18:44
CCI_bear_strategy,597,207,390,-0.022726699865959987,20,-180,125,,300,"(0.2, 0.5)",2020-12-21 12:53:07
CCI_bear_strategy,668,215,453,-0.023619619725805733,20,-200,110,,300,"(0.2, 0.5)",2020-12-21 01:12:46
CCI_bear_strategy,441,203,238,-0.02364323112065303,20,-85,195,,300,"(0.2, 0.5)",2020-12-22 01:20:45
CCI_bear_strategy,714,237,477,-0.023759935677791773,20,-160,60,,300,"(0.2, 0.5)",2020-12-21 13:37:23
CCI_bear_strategy,324,145,179,-0.02415926553148617,20,-155,175,,300,"(0.2, 0.5)",2020-12-21 13:58:56
CCI_bear_strategy,681,224,457,-0.02426122837332101,20,-170,105,,300,"(0.2, 0.5)",2020-12-21 13:16:54
CCI_bear_strategy,716,226,490,-0.02484018724420245,20,-195,90,,300,"(0.2, 0.5)",2020-12-21 01:23:30
CCI_bear_strategy,373,164,209,-0.025151572880578787,20,-155,165,,300,"(0.2, 0.5)",2020-12-21 13:58:18
CCI_bear_strategy,719,232,487,-0.02519590254211168,20,-175,65,,300,"(0.2, 0.5)",2020-12-21 13:00:17
CCI_bear_strategy,440,202,238,-0.02538887409038071,20,-85,200,,300,"(0.2, 0.5)",2020-12-22 01:21:04
CCI_bear_strategy,716,222,494,-0.02549882751586152,20,-200,90,,300,"(0.2, 0.5)",2020-12-21 01:10:53
CCI_bear_strategy,346,146,200,-0.025694571609030104,20,-145,65,,300,"(0.2, 0.5)",2020-12-21 19:42:42
CCI_bear_strategy,716,230,486,-0.026040149791633604,20,-185,90,,300,"(0.2, 0.5)",2020-12-21 12:35:55
CCI_bear_strategy,264,119,145,-0.026485113226517698,20,-180,190,,300,"(0.2, 0.5)",2020-12-21 12:58:01
CCI_bear_strategy,309,142,167,-0.026735537813474486,20,-155,180,,300,"(0.2, 0.5)",2020-12-21 13:59:13
CCI_bear_strategy,647,218,429,-0.027566319840287457,20,-175,115,,300,"(0.2, 0.5)",2020-12-21 13:05:10
CCI_bear_strategy,309,138,171,-0.02769402585511416,20,-185,180,,300,"(0.2, 0.5)",2020-12-21 12:44:36
CCI_bear_strategy,471,194,277,-0.02794938409348624,20,-55,150,,300,"(0.2, 0.5)",2020-12-22 02:21:33
CCI_bear_strategy,668,217,451,-0.02840350224573085,20,-195,110,,300,"(0.2, 0.5)",2020-12-21 01:25:22
CCI_bear_strategy,719,230,489,-0.02844034283293761,20,-180,65,,300,"(0.2, 0.5)",2020-12-21 12:47:29
CCI_bear_strategy,324,141,183,-0.02878046402258272,20,-190,175,,300,"(0.2, 0.5)",2020-12-21 12:30:24
CCI_bear_strategy,716,233,483,-0.028994336398381008,20,-180,90,,300,"(0.2, 0.5)",2020-12-21 12:49:49
CCI_bear_strategy,597,206,391,-0.0292477569549352,20,-175,125,,300,"(0.2, 0.5)",2020-12-21 13:06:08
CCI_bear_strategy,454,203,251,-0.02966683386567248,20,-85,135,,300,"(0.2, 0.5)",2020-12-22 01:16:50
CCI_bear_strategy,401,171,230,-0.03012234808955205,20,-160,160,,300,"(0.2, 0.5)",2020-12-21 13:46:01
CCI_bear_strategy,563,206,357,-0.030284791761999382,20,-160,130,,300,"(0.2, 0.5)",2020-12-21 13:43:35
CCI_bear_strategy,623,216,407,-0.030342631880985182,20,-190,120,,300,"(0.2, 0.5)",2020-12-21 01:38:44
CCI_bear_strategy,285,131,154,-0.031281629763824204,20,-155,185,,300,"(0.2, 0.5)",2020-12-21 13:59:30
CCI_bear_strategy,597,206,391,-0.031357983663996565,20,-190,125,,300,"(0.2, 0.5)",2020-12-21 01:39:11
CCI_bear_strategy,264,121,143,-0.03167948913925167,20,-170,190,,300,"(0.2, 0.5)",2020-12-21 13:23:25
CCI_bear_strategy,563,204,359,-0.03270195435481072,20,-180,130,,300,"(0.2, 0.5)",2020-12-21 12:53:34
CCI_bear_strategy,309,138,171,-0.033445520919388905,20,-190,180,,300,"(0.2, 0.5)",2020-12-21 12:30:44
CCI_bear_strategy,714,233,481,-0.033715814291429,20,-190,60,,300,"(0.2, 0.5)",2020-12-21 01:33:18
CCI_bear_strategy,563,202,361,-0.03415130067075589,20,-175,130,,300,"(0.2, 0.5)",2020-12-21 13:06:36
CCI_bear_strategy,324,142,182,-0.03510449500096935,20,-170,175,,300,"(0.2, 0.5)",2020-12-21 13:22:33
CCI_bear_strategy,647,221,426,-0.03686626572991625,20,-155,115,,300,"(0.2, 0.5)",2020-12-21 13:54:22
CCI_bear_strategy,309,138,171,-0.03763064676681327,20,-170,180,,300,"(0.2, 0.5)",2020-12-21 13:22:51
CCI_bear_strategy,597,211,386,-0.03882496553949222,20,-155,125,,300,"(0.2, 0.5)",2020-12-21 13:55:14
CCI_bear_strategy,597,209,388,-0.03884904729458927,20,-160,125,,300,"(0.2, 0.5)",2020-12-21 13:43:09
CCI_bear_strategy,285,125,160,-0.0399231007418488,20,-180,185,,300,"(0.2, 0.5)",2020-12-21 12:57:44
CCI_bear_strategy,264,121,143,-0.04016503183745723,20,-165,190,,300,"(0.2, 0.5)",2020-12-21 13:35:40
CCI_bear_strategy,623,213,410,-0.04018572791749275,20,-195,120,,300,"(0.2, 0.5)",2020-12-21 01:26:17
CCI_bear_strategy,452,204,248,-0.04046655308455149,20,-85,145,,300,"(0.2, 0.5)",2020-12-22 01:17:29
CCI_bear_strategy,719,228,491,-0.040478759785006035,20,-195,65,,300,"(0.2, 0.5)",2020-12-21 01:21:14
CCI_bear_strategy,689,216,473,-0.0415173007673969,20,-190,100,,300,"(0.2, 0.5)",2020-12-21 01:36:53
CCI_bear_strategy,597,207,390,-0.041681267122175236,20,-185,125,,300,"(0.2, 0.5)",2020-12-21 12:40:15
CCI_bear_strategy,647,218,429,-0.042146933202990684,20,-185,115,,300,"(0.2, 0.5)",2020-12-21 12:38:17
CCI_bear_strategy,563,206,357,-0.04250180970083095,20,-155,130,,300,"(0.2, 0.5)",2020-12-21 13:55:40
CCI_bear_strategy,447,202,245,-0.042623182332811704,20,-85,170,,300,"(0.2, 0.5)",2020-12-22 01:19:07
CCI_bear_strategy,563,201,362,-0.04309439214458444,20,-185,130,,300,"(0.2, 0.5)",2020-12-21 12:40:42
CCI_bear_strategy,689,222,467,-0.04337858217732804,20,-155,100,,300,"(0.2, 0.5)",2020-12-21 13:53:01
CCI_bear_strategy,714,230,484,-0.04557344179334012,20,-195,60,,300,"(0.2, 0.5)",2020-12-21 01:20:48
CCI_bear_strategy,563,202,361,-0.045805962516826,20,-190,130,,300,"(0.2, 0.5)",2020-12-21 01:39:38
CCI_bear_strategy,704,223,481,-0.04604868613462754,20,-185,95,,300,"(0.2, 0.5)",2020-12-21 12:36:23
CCI_bear_strategy,563,203,360,-0.04657304038712051,20,-170,130,,300,"(0.2, 0.5)",2020-12-21 13:19:10
CCI_bear_strategy,285,125,160,-0.04693764544409229,20,-195,185,,300,"(0.2, 0.5)",2020-12-21 01:31:15
CCI_bear_strategy,401,167,234,-0.04704198545314375,20,-185,160,,300,"(0.2, 0.5)",2020-12-21 12:43:14
CCI_bear_strategy,324,141,183,-0.04827416937760876,20,-180,175,,300,"(0.2, 0.5)",2020-12-21 12:57:07
CCI_bear_strategy,716,234,482,-0.04860354961283053,20,-175,90,,300,"(0.2, 0.5)",2020-12-21 13:02:40
CCI_bear_strategy,309,139,170,-0.04879287927040632,20,-165,180,,300,"(0.2, 0.5)",2020-12-21 13:35:06
CCI_bear_strategy,714,224,490,-0.049838469434638884,20,-200,60,,300,"(0.2, 0.5)",2020-12-21 01:08:07
CCI_bear_strategy,448,204,244,-0.05010930629487753,20,-85,165,,300,"(0.2, 0.5)",2020-12-22 01:18:47
CCI_bear_strategy,264,115,149,-0.05313904747787501,20,-200,190,,300,"(0.2, 0.5)",2020-12-21 01:19:00
CCI_bear_strategy,309,137,172,-0.05378240685688629,20,-180,180,,300,"(0.2, 0.5)",2020-12-21 12:57:26
CCI_bear_strategy,689,220,469,-0.05431948937450015,20,-180,100,,300,"(0.2, 0.5)",2020-12-21 12:50:46
CCI_bear_strategy,285,127,158,-0.05476601416288397,20,-170,185,,300,"(0.2, 0.5)",2020-12-21 13:23:09
CCI_bear_strategy,597,207,390,-0.0548785061411412,20,-165,125,,300,"(0.2, 0.5)",2020-12-21 13:30:59
CCI_bear_strategy,451,205,246,-0.05503089364858649,20,-85,150,,300,"(0.2, 0.5)",2020-12-22 01:17:49
CCI_bear_strategy,446,202,244,-0.055817856588115555,20,-85,175,,300,"(0.2, 0.5)",2020-12-22 01:19:27
CCI_bear_strategy,689,221,468,-0.05603210920156987,20,-175,100,,300,"(0.2, 0.5)",2020-12-21 13:03:41
CCI_bear_strategy,704,218,486,-0.056633758866490476,20,-200,95,,300,"(0.2, 0.5)",2020-12-21 01:11:21
CCI_bear_strategy,709,237,472,-0.05808301971671681,20,-150,70,,300,"(0.2, 0.5)",2020-12-21 14:02:16
CCI_bear_strategy,324,141,183,-0.05941870544949834,20,-165,175,,300,"(0.2, 0.5)",2020-12-21 13:34:48
CCI_bear_strategy,623,212,411,-0.05953212941859797,20,-200,120,,300,"(0.2, 0.5)",2020-12-21 01:13:42
CCI_bear_strategy,373,159,214,-0.060556196772362784,20,-185,165,,300,"(0.2, 0.5)",2020-12-21 12:43:36
CCI_bear_strategy,373,160,213,-0.06099734656381716,20,-160,165,,300,"(0.2, 0.5)",2020-12-21 13:46:22
CCI_bear_strategy,264,118,146,-0.06180823531739665,20,-175,190,,300,"(0.2, 0.5)",2020-12-21 13:11:04
CCI_bear_strategy,431,179,252,-0.061963338539105524,20,-155,155,,300,"(0.2, 0.5)",2020-12-21 13:57:38
CCI_bear_strategy,324,142,182,-0.06276721443890965,20,-175,175,,300,"(0.2, 0.5)",2020-12-21 13:10:11
CCI_bear_strategy,681,226,455,-0.06362865342236534,20,-155,105,,300,"(0.2, 0.5)",2020-12-21 13:53:28
CCI_bear_strategy,709,233,476,-0.06390738372026683,20,-155,70,,300,"(0.2, 0.5)",2020-12-21 13:50:24
CCI_bear_strategy,719,224,495,-0.06401501407837062,20,-200,65,,300,"(0.2, 0.5)",2020-12-21 01:08:34
CCI_bear_strategy,647,215,432,-0.06416917017668378,20,-190,115,,300,"(0.2, 0.5)",2020-12-21 01:38:17
CCI_bear_strategy,689,226,463,-0.06437120384864993,20,-150,100,,300,"(0.2, 0.5)",2020-12-21 14:04:53
CCI_bear_strategy,704,222,482,-0.06480900745311469,20,-195,95,,300,"(0.2, 0.5)",2020-12-21 01:23:57
CCI_bear_strategy,285,127,158,-0.06638175716341578,20,-165,185,,300,"(0.2, 0.5)",2020-12-21 13:35:23
CCI_bear_strategy,681,230,451,-0.06707631701454686,20,-150,105,,300,"(0.2, 0.5)",2020-12-21 14:05:20
CCI_bear_strategy,442,202,240,-0.06719384919466298,20,-85,190,,300,"(0.2, 0.5)",2020-12-22 01:20:25
CCI_bear_strategy,401,169,232,-0.06845513118295254,20,-170,160,,300,"(0.2, 0.5)",2020-12-21 13:21:34
CCI_bear_strategy,563,205,358,-0.06912618664667293,20,-165,130,,300,"(0.2, 0.5)",2020-12-21 13:31:26
CCI_bear_strategy,373,157,216,-0.0693899150369458,20,-190,165,,300,"(0.2, 0.5)",2020-12-21 12:29:44
CCI_bear_strategy,597,200,397,-0.06983294553355779,20,-200,125,,300,"(0.2, 0.5)",2020-12-21 01:14:10
CCI_bear_strategy,373,158,215,-0.06997369515773655,20,-180,165,,300,"(0.2, 0.5)",2020-12-21 12:56:27
CCI_bear_strategy,714,239,475,-0.07110700509140032,20,-155,60,,300,"(0.2, 0.5)",2020-12-21 13:49:34
CCI_bear_strategy,324,137,187,-0.07175967642820014,20,-200,175,,300,"(0.2, 0.5)",2020-12-21 01:18:06
CCI_bear_strategy,509,190,319,-0.07188717865185856,20,-190,140,,300,"(0.2, 0.5)",2020-12-21 09:26:06
CCI_bear_strategy,681,223,458,-0.07237658108376388,20,-175,105,,300,"(0.2, 0.5)",2020-12-21 13:04:11
CCI_bear_strategy,647,219,428,-0.07241677875781005,20,-180,115,,300,"(0.2, 0.5)",2020-12-21 12:52:11
CCI_bear_strategy,445,201,244,-0.07272359414139651,20,-85,185,,300,"(0.2, 0.5)",2020-12-22 01:20:06
CCI_bear_strategy,401,167,234,-0.07366614795344972,20,-180,160,,300,"(0.2, 0.5)",2020-12-21 12:56:05
CCI_bear_strategy,373,160,213,-0.0743905423804524,20,-170,165,,300,"(0.2, 0.5)",2020-12-21 13:21:54
CCI_bear_strategy,324,137,187,-0.07536317206581311,20,-195,175,,300,"(0.2, 0.5)",2020-12-21 01:30:38
CCI_bear_strategy,719,236,483,-0.07549110509634349,20,-155,65,,300,"(0.2, 0.5)",2020-12-21 13:49:58
CCI_bear_strategy,309,134,175,-0.0775539337956821,20,-195,180,,300,"(0.2, 0.5)",2020-12-21 01:30:57
CCI_bear_strategy,647,214,433,-0.07838372356833434,20,-195,115,,300,"(0.2, 0.5)",2020-12-21 01:25:50
CCI_bear_strategy,647,212,435,-0.07934314616009408,20,-200,115,,300,"(0.2, 0.5)",2020-12-21 01:13:14
CCI_bear_strategy,681,219,462,-0.08017322672890638,20,-185,105,,300,"(0.2, 0.5)",2020-12-21 12:37:20
CCI_bear_strategy,689,216,473,-0.08043466727122882,20,-185,100,,300,"(0.2, 0.5)",2020-12-21 12:36:52
CCI_bear_strategy,597,202,395,-0.08098537328858724,20,-195,125,,300,"(0.2, 0.5)",2020-12-21 01:26:45
CCI_bear_strategy,401,169,232,-0.08288344189063201,20,-165,160,,300,"(0.2, 0.5)",2020-12-21 13:33:49
CCI_bear_strategy,309,135,174,-0.08495159227277682,20,-175,180,,300,"(0.2, 0.5)",2020-12-21 13:10:30
CCI_bear_strategy,285,124,161,-0.08698855453834252,20,-175,185,,300,"(0.2, 0.5)",2020-12-21 13:10:48
CCI_bear_strategy,509,190,319,-0.08700368185917018,20,-180,140,,300,"(0.2, 0.5)",2020-12-21 12:54:27
CCI_bear_strategy,309,134,175,-0.08754247054117215,20,-200,180,,300,"(0.2, 0.5)",2020-12-21 01:18:25
CCI_bear_strategy,681,221,460,-0.08770201911270993,20,-180,105,,300,"(0.2, 0.5)",2020-12-21 12:51:14
CCI_bear_strategy,373,159,214,-0.08807068614820024,20,-165,165,,300,"(0.2, 0.5)",2020-12-21 13:34:09
CCI_bear_strategy,446,202,244,-0.08821690772258506,20,-85,180,,300,"(0.2, 0.5)",2020-12-22 01:19:46
CCI_bear_strategy,401,167,234,-0.08913239225553671,20,-175,160,,300,"(0.2, 0.5)",2020-12-21 13:09:10
CCI_bear_strategy,351,152,199,-0.08921669595848536,20,-155,170,,300,"(0.2, 0.5)",2020-12-21 13:58:38
CCI_bear_strategy,373,158,215,-0.09121409837218797,20,-175,165,,300,"(0.2, 0.5)",2020-12-21 13:09:32
CCI_bear_strategy,509,189,320,-0.09127058288244017,20,-185,140,,300,"(0.2, 0.5)",2020-12-21 12:41:36
CCI_bear_strategy,509,191,318,-0.09351231604350974,20,-170,140,,300,"(0.2, 0.5)",2020-12-21 13:20:01
CCI_bear_strategy,401,164,237,-0.09384978163696156,20,-190,160,,300,"(0.2, 0.5)",2020-12-21 12:29:21
CCI_bear_strategy,563,195,368,-0.09521762661777533,20,-200,130,,300,"(0.2, 0.5)",2020-12-21 01:14:37
CCI_bear_strategy,563,197,366,-0.0955182963824428,20,-195,130,,300,"(0.2, 0.5)",2020-12-21 01:27:11
CCI_bear_strategy,401,165,236,-0.09704692291584494,20,-195,160,,300,"(0.2, 0.5)",2020-12-21 01:29:38
CCI_bear_strategy,681,216,465,-0.09714813162878866,20,-190,105,,300,"(0.2, 0.5)",2020-12-21 01:37:21
CCI_bear_strategy,285,121,164,-0.09744597398837083,20,-200,185,,300,"(0.2, 0.5)",2020-12-21 01:18:43
CCI_bear_strategy,431,174,257,-0.09843400702460403,20,-160,155,,300,"(0.2, 0.5)",2020-12-21 13:45:39
CCI_bear_strategy,509,194,315,-0.09981212186576303,20,-155,140,,300,"(0.2, 0.5)",2020-12-21 13:56:29
CCI_bear_strategy,451,203,248,-0.1018715808320303,20,-85,155,,300,"(0.2, 0.5)",2020-12-22 01:18:08
CCI_bear_strategy,351,148,203,-0.10343853357543252,20,-185,170,,300,"(0.2, 0.5)",2020-12-21 12:43:57
CCI_bear_strategy,431,171,260,-0.1053056360420479,20,-180,155,,300,"(0.2, 0.5)",2020-12-21 12:55:42
CCI_bear_strategy,401,163,238,-0.1054306312487967,20,-200,160,,300,"(0.2, 0.5)",2020-12-21 01:17:05
CCI_bear_strategy,373,153,220,-0.10619804309895242,20,-195,165,,300,"(0.2, 0.5)",2020-12-21 01:29:59
CCI_bear_strategy,509,185,324,-0.10626017916504693,20,-195,140,,300,"(0.2, 0.5)",2020-12-21 01:28:03
CCI_bear_strategy,351,148,203,-0.10686489928094868,20,-160,170,,300,"(0.2, 0.5)",2020-12-21 13:46:41
CCI_bear_strategy,714,241,473,-0.10697416522760672,20,-150,60,,300,"(0.2, 0.5)",2020-12-21 14:01:27
CCI_bear_strategy,719,239,480,-0.10804506051147866,20,-150,65,,300,"(0.2, 0.5)",2020-12-21 14:01:52
CCI_bear_strategy,373,153,220,-0.10885831969958247,20,-200,165,,300,"(0.2, 0.5)",2020-12-21 01:17:26
CCI_bear_strategy,689,214,475,-0.1088620433891806,20,-195,100,,300,"(0.2, 0.5)",2020-12-21 01:24:25
CCI_bear_strategy,451,201,250,-0.109757214588035,20,-85,160,,300,"(0.2, 0.5)",2020-12-22 01:18:28
CCI_bear_strategy,431,172,259,-0.10999921754259012,20,-185,155,,300,"(0.2, 0.5)",2020-12-21 12:42:51
CCI_bear_strategy,431,172,259,-0.1100595040375174,20,-195,155,,300,"(0.2, 0.5)",2020-12-21 01:29:15
CCI_bear_strategy,509,192,317,-0.1111287677249958,20,-160,140,,300,"(0.2, 0.5)",2020-12-21 13:44:25
CCI_bear_strategy,689,212,477,-0.11538624420092415,20,-200,100,,300,"(0.2, 0.5)",2020-12-21 01:11:49
CCI_bear_strategy,431,174,257,-0.11751939193428018,20,-170,155,,300,"(0.2, 0.5)",2020-12-21 13:21:12
CCI_bear_strategy,351,148,203,-0.12073834146724538,20,-190,170,,300,"(0.2, 0.5)",2020-12-21 12:30:05
CCI_bear_strategy,431,171,260,-0.12205093360272776,20,-200,155,,300,"(0.2, 0.5)",2020-12-21 01:16:42
CCI_bear_strategy,509,189,320,-0.1225697315766604,20,-175,140,,300,"(0.2, 0.5)",2020-12-21 13:07:30
CCI_bear_strategy,509,191,318,-0.12269814515975952,20,-165,140,,300,"(0.2, 0.5)",2020-12-21 13:32:17
CCI_bear_strategy,458,179,279,-0.12298252177972667,20,-195,150,,300,"(0.2, 0.5)",2020-12-21 01:28:52
CCI_bear_strategy,509,182,327,-0.12448581904550647,20,-200,140,,300,"(0.2, 0.5)",2020-12-21 01:15:29
CCI_bear_strategy,540,196,344,-0.12756805534408566,20,-190,135,,300,"(0.2, 0.5)",2020-12-21 01:40:04
CCI_bear_strategy,351,148,203,-0.128469286920726,20,-170,170,,300,"(0.2, 0.5)",2020-12-21 13:22:14
CCI_bear_strategy,351,148,203,-0.12924538196243296,20,-180,170,,300,"(0.2, 0.5)",2020-12-21 12:56:47
CCI_bear_strategy,431,173,258,-0.13235256968864073,20,-165,155,,300,"(0.2, 0.5)",2020-12-21 13:33:27
CCI_bear_strategy,681,214,467,-0.13506500581166736,20,-200,105,,300,"(0.2, 0.5)",2020-12-21 01:12:18
CCI_bear_strategy,681,216,465,-0.13596001128076066,20,-195,105,,300,"(0.2, 0.5)",2020-12-21 01:24:53
CCI_bear_strategy,458,178,280,-0.13613350341032104,20,-180,150,,300,"(0.2, 0.5)",2020-12-21 12:55:18
CCI_bear_strategy,458,184,274,-0.13630486598853675,20,-155,150,,300,"(0.2, 0.5)",2020-12-21 13:57:16
CCI_bear_strategy,491,187,304,-0.13922128529536526,20,-170,145,,300,"(0.2, 0.5)",2020-12-21 13:20:25
CCI_bear_strategy,351,146,205,-0.14077486390533578,20,-165,170,,300,"(0.2, 0.5)",2020-12-21 13:34:29
CCI_bear_strategy,540,196,344,-0.14167370155456527,20,-180,135,,300,"(0.2, 0.5)",2020-12-21 12:54:01
CCI_bear_strategy,458,180,278,-0.14177535931688134,20,-160,150,,300,"(0.2, 0.5)",2020-12-21 13:45:15
CCI_bear_strategy,351,148,203,-0.14211839081731792,20,-175,170,,300,"(0.2, 0.5)",2020-12-21 13:09:53
CCI_bear_strategy,458,178,280,-0.1439027957679807,20,-200,150,,300,"(0.2, 0.5)",2020-12-21 01:16:19
CCI_bear_strategy,431,171,260,-0.14556923467509866,20,-175,155,,300,"(0.2, 0.5)",2020-12-21 13:08:46
CCI_bear_strategy,351,143,208,-0.14623366412887484,20,-195,170,,300,"(0.2, 0.5)",2020-12-21 01:30:19
CCI_bear_strategy,540,197,343,-0.14712825642598482,20,-160,135,,300,"(0.2, 0.5)",2020-12-21 13:44:01
CCI_bear_strategy,431,172,259,-0.14828996764091973,20,-190,155,,300,"(0.2, 0.5)",2020-12-21 12:28:58
CCI_bear_strategy,491,191,300,-0.1488076510580032,20,-155,145,,300,"(0.2, 0.5)",2020-12-21 13:56:53
CCI_bear_strategy,491,188,303,-0.15124797575811055,20,-160,145,,300,"(0.2, 0.5)",2020-12-21 13:44:50
CCI_bear_strategy,491,186,305,-0.15234815310909122,20,-190,145,,300,"(0.2, 0.5)",2020-12-21 12:28:09
CCI_bear_strategy,351,143,208,-0.15307228967568764,20,-200,170,,300,"(0.2, 0.5)",2020-12-21 01:17:47
CCI_bear_strategy,540,196,344,-0.15397669537630146,20,-170,135,,300,"(0.2, 0.5)",2020-12-21 13:19:36
CCI_bear_strategy,458,178,280,-0.15503748564903586,20,-185,150,,300,"(0.2, 0.5)",2020-12-21 12:42:27
CCI_bear_strategy,458,181,277,-0.15524487933358622,20,-170,150,,300,"(0.2, 0.5)",2020-12-21 13:20:49
CCI_bear_strategy,491,185,306,-0.15629725989504595,20,-185,145,,300,"(0.2, 0.5)",2020-12-21 12:42:02
CCI_bear_strategy,491,184,307,-0.15814276940835614,20,-195,145,,300,"(0.2, 0.5)",2020-12-21 01:28:28
CCI_bear_strategy,491,186,305,-0.1587204534342872,20,-180,145,,300,"(0.2, 0.5)",2020-12-21 12:54:53
CCI_bear_strategy,458,178,280,-0.15943195879370242,20,-175,150,,300,"(0.2, 0.5)",2020-12-21 13:08:22
CCI_bear_strategy,491,185,306,-0.15987927032050098,20,-175,145,,300,"(0.2, 0.5)",2020-12-21 13:07:57
CCI_bear_strategy,458,177,281,-0.16216288442129534,20,-190,150,,300,"(0.2, 0.5)",2020-12-21 12:28:33
CCI_bear_strategy,540,193,347,-0.16372728377055412,20,-175,135,,300,"(0.2, 0.5)",2020-12-21 13:07:04
CCI_bear_strategy,540,198,342,-0.16375481134894931,20,-155,135,,300,"(0.2, 0.5)",2020-12-21 13:56:05
CCI_bear_strategy,540,194,346,-0.167649325395123,20,-185,135,,300,"(0.2, 0.5)",2020-12-21 12:41:09
CCI_bear_strategy,458,180,278,-0.16917921132733005,20,-165,150,,300,"(0.2, 0.5)",2020-12-21 13:33:05
CCI_bear_strategy,540,196,344,-0.17079505414248775,20,-165,135,,300,"(0.2, 0.5)",2020-12-21 13:31:52
CCI_bear_strategy,491,180,311,-0.17779530809875702,20,-200,145,,300,"(0.2, 0.5)",2020-12-21 01:15:55
CCI_bear_strategy,491,187,304,-0.18263556086988164,20,-165,145,,300,"(0.2, 0.5)",2020-12-21 13:32:41
CCI_bear_strategy,540,190,350,-0.20447800043199071,20,-195,135,,300,"(0.2, 0.5)",2020-12-21 01:27:38
CCI_bear_strategy,540,187,353,-0.20671254174537826,20,-200,135,,300,"(0.2, 0.5)",2020-12-21 01:15:04
